t,shoulder_pan,shoulder_lift,elbow,wrist_1,wrist_2,wrist_3
0,-1.5934337,-2.2755926,-1.1913617,-0.32406923,1.7068826,3.0234644
0.007853508,-1.5934356,-2.2755926,-1.1913484,-0.32411513,1.7069225,3.0234852
0.015839338,-1.5934738,-2.2755926,-1.1913617,-0.32408556,1.7069689,3.0234613
0.023833036,-1.5934814,-2.2755687,-1.1913573,-0.32406613,1.7069732,3.023481
0.031883955,-1.5934385,-2.2755554,-1.1913543,-0.32408687,1.7069645,3.0234234
0.03990102,-1.5934356,-2.275552,-1.1913171,-0.3240913,1.7069433,3.0234363
0.04785514,-1.5934471,-2.2755225,-1.1913409,-0.32406303,1.7069732,3.0234191
0.0558424,-1.5934471,-2.2755506,-1.1913246,-0.3240913,1.7069271,3.0234396
0.063905716,-1.5934566,-2.2755196,-1.1913617,-0.32411072,1.7069314,3.0233996
0.071840525,-1.5935234,-2.2755477,-1.1913453,-0.32412395,1.7069732,3.0234406
0.07986426,-1.5934309,-2.2755806,-1.191329,-0.32409438,1.7069602,3.023432
0.0878427,-1.5934266,-2.2755687,-1.1912868,-0.3240957,1.7069237,3.0234244
0.09590435,-1.5934371,-2.2755597,-1.1913453,-0.32411954,1.7069633,3.0234158
0.103872776,-1.5934328,-2.275564,-1.1913126,-0.3240957,1.7068826,3.0233908
0.111879826,-1.5934519,-2.2755969,-1.1913037,-0.32406172,1.7069194,3.0234158
0.11986351,-1.5934266,-2.2755268,-1.1913573,-0.32409438,1.7068707,3.023407
0.12780595,-1.5934471,-2.275564,-1.1913817,-0.3240913,1.7069689,3.02342
0.13580656,-1.593398,-2.2755115,-1.1913409,-0.32408687,1.7069062,3.0233662
0.14387178,-1.5934643,-2.275026,-1.1908782,-0.3226287,1.7069764,3.0235534
0.15178871,-1.5933899,-2.2738006,-1.1891575,-0.31844196,1.7070723,3.0236123
0.15981483,-1.5933269,-2.2724707,-1.1867632,-0.31198606,1.7070841,3.0236723
0.16779661,-1.5933579,-2.2705843,-1.1837356,-0.30256948,1.7070435,3.0236754
0.17582703,-1.593418,-2.268976,-1.1800945,-0.2932808,1.7068837,3.0234752
0.18378305,-1.5936431,-2.266538,-1.1768976,-0.28191563,1.7067705,3.0235102
0.19179726,-1.593644,-2.2636511,-1.1734706,-0.27245137,1.706804,3.0233984
0.19979572,-1.5936412,-2.260812,-1.1699015,-0.26368412,1.7068892,3.0234408
0.20784736,-1.593666,-2.2581813,-1.1668838,-0.25550458,1.7068988,3.0234277
0.2158072,-1.5935348,-2.2556226,-1.1637031,-0.24716873,1.7070229,3.0234377
0.223804,-1.5934771,-2.2530916,-1.1602652,-0.23839994,1.707002,3.0234363
0.23195434,-1.5933899,-2.2506902,-1.1568848,-0.22892638,1.7069957,3.0234277
0.23985362,-1.5934252,-2.2481062,-1.1534343,-0.21918602,1.7069751,3.0234
0.2478087,-1.5935239,-2.2454607,-1.1500243,-0.20998426,1.7070013,3.0233676
0.2558217,-1.5935711,-2.2425444,-1.1466603,-0.20105751,1.7069645,3.0234244
0.2637887,-1.5935606,-2.2395804,-1.1433057,-0.19189782,1.7069602,3.0233912
0.27182388,-1.5935563,-2.2367446,-1.139961,-0.18257292,1.7069314,3.0234115
0.2798214,-1.5934943,-2.233906,-1.1365191,-0.17358084,1.7069181,3.023457
0.28779936,-1.5935701,-2.2312248,-1.1331748,-0.16451772,1.7069602,3.0233514
0.29579687,-1.5935863,-2.2286627,-1.129833,-0.15549977,1.7069589,3.0233839
0.30377507,-1.593573,-2.2260182,-1.1263822,-0.1466393,1.7069808,3.0234482
0.31176472,-1.5936221,-2.2234743,-1.1230049,-0.13766475,1.7069356,3.023407
0.31978703,-1.5935863,-2.2208798,-1.1197257,-0.12854774,1.7069107,3.0233827
0.32776618,-1.5935563,-2.218333,-1.1164211,-0.11935349,1.7069689,3.023432
0.33580756,-1.5935439,-2.215822,-1.1131674,-0.110424,1.7069356,3.0233781
0.34379888,-1.5935129,-2.213185,-1.1098859,-0.101337984,1.7069107,3.0234482
0.35188222,-1.5935544,-2.2107594,-1.1065834,-0.09216197,1.7069271,3.023429
0.35979962,-1.5935143,-2.2082684,-1.1033599,-0.083311155,1.707009,3.0234482
0.3677945,-1.5935291,-2.2058198,-1.1000282,-0.07436116,1.7069032,3.0234244
0.37588143,-1.5935425,-2.2033603,-1.0965867,-0.065360144,1.7069032,3.023469
0.38387966,-1.5935472,-2.200917,-1.0932684,-0.056293324,1.7069813,3.0234158
0.3918395,-1.5935153,-2.1984618,-1.0899261,-0.047256663,1.7069237,3.0234528
0.39980173,-1.593562,-2.1958706,-1.0865587,-0.038216308,1.7069557,3.023432
0.4078319,-1.593552,-2.193312,-1.0833688,-0.028998094,1.7069057,3.0234234
0.41579938,-1.5935482,-2.1907308,-1.0801927,-0.020063477,1.7068866,3.023444
0.42378783,-1.5936383,-2.1881735,-1.0769473,-0.011024789,1.7069768,3.023429
0.43181133,-1.5935849,-2.1856735,-1.0736171,-0.0018670124,1.7069057,3.0234852
0.43983984,-1.5935863,-2.1831925,-1.0703361,0.00718741,1.7069649,3.0234525
0.4478035,-1.593562,-2.1807854,-1.0669389,0.016144319,1.7069358,3.0234115
0.45579982,-1.5935248,-2.178241,-1.0635333,0.02525167,1.7069603,3.0234778
0.46382833,-1.5934824,-2.1758091,-1.0602202,0.034396812,1.7069075,3.0234234
0.47181726,-1.5935143,-2.1733153,-1.0569227,0.043383166,1.7069057,3.023432
0.47978663,-1.59348,-2.1707327,-1.053494,0.05243711,1.7069149,3.02342
0.48779488,-1.5934681,-2.1681068,-1.0502568,0.06168644,1.7069478,3.023481
0.49583483,-1.5935453,-2.1654623,-1.0469931,0.07079737,1.7069341,3.0234363
0.5038781,-1.5935215,-2.1628225,-1.0436674,0.07982485,1.7069176,3.0234115
0.5118656,-1.593562,-2.160229,-1.0402786,0.089044854,1.7069557,3.0234396
0.5198202,-1.5935663,-2.1576688,-1.0369942,0.09835903,1.7069812,3.0234354
0.5277865,-1.5935272,-2.1551673,-1.0334873,0.10731642,1.7069478,3.0234277
0.53578806,-1.5935272,-2.152703,-1.0301036,0.11633305,1.7069721,3.023457
0.5437856,-1.59352,-2.1501577,-1.0266861,0.12574534,1.7069478,3.0234766
0.55181026,-1.5935744,-2.1476247,-1.0233192,0.13489299,1.7069523,3.023497
0.5597956,-1.5935081,-2.1451027,-1.0200641,0.14392273,1.7069738,3.0234158
0.56780005,-1.5934962,-2.1424763,-1.016824,0.15319805,1.7069359,3.0234115
0.5758264,-1.5935544,-2.1399515,-1.013485,0.1624705,1.7069603,3.0233946
0.58379006,-1.5935215,-2.137304,-1.0101318,0.17148821,1.7069603,3.0234811
0.5917995,-1.5934724,-2.134793,-1.0068153,0.18067627,1.7069676,3.0234694
0.59977627,-1.5935024,-2.1322248,-1.0033047,0.1900454,1.7069268,3.0234275
0.6078019,-1.5934643,-2.129607,-0.9998238,0.1992672,1.7069386,3.0234184
0.6157923,-1.593489,-2.126979,-0.99638116,0.20849983,1.7069013,3.023432
0.62379885,-1.5934843,-2.124358,-0.9929081,0.21790414,1.7069268,3.0234036
0.6317589,-1.593501,-2.1217697,-0.98951524,0.22724609,1.7069013,3.0234632
0.63981533,-1.5935544,-2.1190994,-0.98624426,0.23646645,1.7069341,3.0234275
0.6477704,-1.5935453,-2.1164687,-0.98298246,0.24576442,1.7069359,3.0234485
0.65581703,-1.5935663,-2.1139042,-0.97954273,0.25516525,1.7069603,3.023423
0.66380477,-1.5935129,-2.111325,-0.97621685,0.26439884,1.7069603,3.0234275
0.671808,-1.5935663,-2.1088846,-0.9726612,0.2737179,1.7069478,3.0234723
0.67976475,-1.5935172,-2.1063182,-0.96921045,0.28310302,1.7069386,3.0234678
0.68780804,-1.5934633,-2.1037347,-0.96578306,0.29241553,1.7069567,3.0234768
0.6957667,-1.5935172,-2.1011426,-0.9622479,0.30181268,1.7069149,3.0235064
0.7037771,-1.5934724,-2.098471,-0.9588471,0.31142083,1.7069149,3.0234303
0.7117715,-1.5934933,-2.0957944,-0.9554946,0.3207921,1.7069222,3.0234513
0.71976495,-1.593489,-2.0930874,-0.9520315,0.33000746,1.706927,3.0234256
0.72778606,-1.5935053,-2.0903895,-0.9485928,0.33961478,1.7069511,3.023486
0.73579144,-1.5934738,-2.0877454,-0.9452024,0.34921065,1.7069767,3.023465
0.7437949,-1.5935472,-2.0851214,-0.9416933,0.3585606,1.7069603,3.0234275
0.7518034,-1.5934976,-2.0825002,-0.9380736,0.3679724,1.7069603,3.0234768
0.7598064,-1.5934752,-2.0798008,-0.93468845,0.37777856,1.7069478,3.0234888
0.7678709,-1.593489,-2.0771692,-0.93114984,0.38711408,1.7068729,3.0234678
0.7757962,-1.5935262,-2.074454,-0.9276219,0.39672688,1.7069603,3.0234842
0.7838285,-1.5935501,-2.0717971,-0.92417115,0.40639272,1.7069314,3.0234678
0.7917855,-1.5935248,-2.0690367,-0.9207069,0.41595522,1.7069693,3.0235364
0.79978323,-1.5935334,-2.0663583,-0.91726553,0.42547944,1.7069603,3.0234394
0.80780554,-1.5934843,-2.0636551,-0.9137234,0.43519488,1.7068747,3.023444
0.8158922,-1.5935172,-2.0610268,-0.91016924,0.4448966,1.706903,3.023423
0.82385635,-1.5934724,-2.0583532,-0.9065303,0.45441666,1.7069058,3.023444
0.8318093,-1.5934771,-2.0557263,-0.90290916,0.46423283,1.706927,3.023465
0.83978605,-1.5935353,-2.0529974,-0.89928,0.4740781,1.7069522,3.0234976
0.84778523,-1.5934738,-2.0502698,-0.89574194,0.4836692,1.7069194,3.0234842
0.85579205,-1.5934404,-2.0475342,-0.89222986,0.49346653,1.7069478,3.0234559
0.863791,-1.5935215,-2.0447867,-0.88876927,0.5034167,1.7069992,3.023442
0.87180805,-1.593489,-2.042033,-0.8852311,0.513097,1.7069284,3.0234559
0.87978077,-1.5934738,-2.0392616,-0.8816368,0.522818,1.7069238,3.0234184
0.8878176,-1.5935282,-2.0365016,-0.87799,0.5328397,1.7069105,3.0234678
0.8958523,-1.5935382,-2.0336726,-0.8742609,0.5426902,1.706915,3.0234559
0.9037962,-1.5934681,-2.030873,-0.870569,0.5524847,1.7069403,3.0233977
0.91180277,-1.5934643,-2.0281317,-0.866921,0.56262845,1.7069105,3.0234585
0.9198644,-1.59348,-2.0253236,-0.8632834,0.57257575,1.706873,3.023444
0.9278524,-1.5934814,-2.022524,-0.8596997,0.5824885,1.7069478,3.0234976
0.9358144,-1.5935262,-2.0198143,-0.8561014,0.5926544,1.7069603,3.023423
0.94379425,-1.5934814,-2.0171044,-0.8525081,0.6026985,1.7068895,3.023453
0.95182014,-1.5934771,-2.0142186,-0.84877026,0.61265296,1.7069222,3.023423
0.95985436,-1.5934118,-2.0115192,-0.8449867,0.6227307,1.7069566,3.0234022
0.9678445,-1.5935091,-2.0088298,-0.8412746,0.63298434,1.7069433,3.0234933
0.97577834,-1.5934538,-2.0058916,-0.8374611,0.64304537,1.7069477,3.0234604
0.98380876,-1.5934371,-2.0030034,-0.833704,0.65344876,1.7069058,3.0234678
0.99182034,-1.5934075,-2.0001261,-0.8300822,0.6636917,1.7069693,3.0234349
0.9998164,-1.5933908,-1.9972011,-0.8262836,0.673881,1.7069268,3.0234065
1.0077903,-1.5934509,-1.9943286,-0.8225254,0.6842262,1.7069477,3.0234888
1.0157785,-1.5934657,-1.991419,-0.8187586,0.69475836,1.7068986,3.0234306
1.0238285,-1.5934447,-1.9885107,-0.8149326,0.70489997,1.7069119,3.0234902
1.0317824,-1.593418,-1.9856669,-0.81106865,0.715228,1.7069612,3.0234187
1.0398049,-1.5934418,-1.982781,-0.8072501,0.7257628,1.7069557,3.0234678
1.0477874,-1.5934252,-1.9798871,-0.8034015,0.7361707,1.706927,3.0235019
1.0557737,-1.593409,-1.9768897,-0.7996404,0.74683684,1.706924,3.0234768
1.0637789,-1.5934657,-1.9739076,-0.7958321,0.7574062,1.7069566,3.0234842
1.0717702,-1.5934285,-1.9709283,-0.79194343,0.7679395,1.7069075,3.0234187
1.079783,-1.5934829,-1.9679376,-0.7881104,0.77856797,1.7068777,3.023493
1.0877686,-1.593449,-1.9649616,-0.7841572,0.78930205,1.7069612,3.023435
1.0957692,-1.5934538,-1.9620248,-0.7801387,0.79992217,1.7069075,3.0234513
1.1037917,-1.5934328,-1.9590484,-0.7761779,0.81076854,1.706924,3.0234766
1.1117644,-1.5934747,-1.9560696,-0.77213204,0.8216314,1.7068777,3.0234678
1.119797,-1.59347,-1.9530054,-0.76821357,0.8322424,1.7069492,3.023465
1.1277719,-1.5933579,-1.9500242,-0.76429147,0.84335226,1.7069603,3.023465
1.1357844,-1.5934657,-1.9469234,-0.76033926,0.8542487,1.7069119,3.0234976
1.1437726,-1.5934418,-1.9438463,-0.7564224,0.8650176,1.706915,3.0234888
1.1517618,-1.593409,-1.9407693,-0.75225616,0.876218,1.7069268,3.0234768
1.1597679,-1.5934418,-1.9376117,-0.74818176,0.88720673,1.7068986,3.0234704
1.1677632,-1.5934538,-1.9346186,-0.7441238,0.89813894,1.7068822,3.023521
1.1757624,-1.593458,-1.9314891,-0.7400415,0.9094457,1.7069075,3.0235
1.183789,-1.5933956,-1.928444,-0.73602927,0.920778,1.7069031,3.0234926
1.1917756,-1.5934166,-1.9253198,-0.73193175,0.93220586,1.7069613,3.0234485
1.199827,-1.5933927,-1.9221503,-0.72785133,0.94377464,1.7069448,3.0234275
1.2078724,-1.593409,-1.918913,-0.7237056,0.9550771,1.7069194,3.0234394
1.2158761,-1.5933956,-1.9156996,-0.7193543,0.9664816,1.7069386,3.0234232
1.2238584,-1.5934166,-1.912481,-0.71503687,0.97806925,1.7069314,3.023465
1.231796,-1.5933579,-1.9091512,-0.71073186,0.9894802,1.7069721,3.02342
1.2398314,-1.5934047,-1.9059507,-0.70646274,1.0012301,1.7069839,3.0234232
1.247812,-1.5934376,-1.9026223,-0.7022507,1.0129246,1.7068942,3.0234485
1.2558627,-1.5934371,-1.8993489,-0.6979714,1.0246433,1.7069284,3.0234067
1.2638147,-1.5934209,-1.8960592,-0.69369346,1.0367244,1.7068866,3.0234559
1.2717915,-1.5934328,-1.8927408,-0.6892696,1.0486826,1.706843,3.0234513
1.2798121,-1.5934671,-1.8894101,-0.6848506,1.0606059,1.7068294,3.0234067
1.2877967,-1.5934237,-1.8860408,-0.6803678,1.0726727,1.7068837,3.0234468
1.2958055,-1.5934404,-1.8826352,-0.67588603,1.0846547,1.706903,3.023465
1.303772,-1.5934538,-1.8791023,-0.67155194,1.0969754,1.7068881,3.02342
1.311806,-1.5934447,-1.8756386,-0.66715264,1.1090399,1.706915,3.023411
1.3198023,-1.5934981,-1.8721205,-0.6626693,1.1212908,1.7069494,3.0234604
1.3277974,-1.5934447,-1.8686544,-0.6580022,1.133969,1.7069492,3.023432
1.3357754,-1.593419,-1.865151,-0.65334505,1.14631,1.706921,3.0234678
1.343904,-1.593491,-1.8617617,-0.6486477,1.1591009,1.706894,3.0234604
1.3518794,-1.5934209,-1.8582245,-0.6440381,1.1716229,1.7069194,3.0234885
1.3598154,-1.5934209,-1.8547226,-0.63945735,1.1844236,1.706903,3.023432
1.3678434,-1.5934047,-1.8511125,-0.6348867,1.1973933,1.7069782,3.0234156
1.375845,-1.593386,-1.8475009,-0.63013387,1.2102109,1.706903,3.0234275
1.3838358,-1.5933908,-1.8438855,-0.62520814,1.223492,1.7069467,3.0234246
1.3918042,-1.5934237,-1.8401986,-0.6203261,1.2366368,1.7069885,3.0234246
1.3998196,-1.5934609,-1.8365036,-0.61546195,1.2500364,1.706975,3.023462
1.4078321,-1.5934657,-1.8326627,-0.610567,1.263398,1.7069885,3.0233994
1.4157825,-1.5934643,-1.8288504,-0.6056712,1.2769402,1.7069557,3.0233912
1.4239473,-1.5933999,-1.8249956,-0.6007684,1.2907399,1.7069477,3.0233994
1.4318347,-1.5934566,-1.8210689,-0.5956601,1.3041245,1.7069268,3.0234082
1.4398556,-1.5934566,-1.8172766,-0.5906142,1.3181165,1.7069268,3.0234456
1.447814,-1.5934075,-1.8133174,-0.5853875,1.3319787,1.7068968,3.0234737
1.4558096,-1.5934566,-1.8094579,-0.5802079,1.3462209,1.7069057,3.0234365
1.4638109,-1.5934952,-1.8055159,-0.57512033,1.3604246,1.7069341,3.0234082
1.4718103,-1.5934075,-1.8015295,-0.5698631,1.3747941,1.7069386,3.023432
1.4798174,-1.5934371,-1.7974726,-0.5645828,1.3894933,1.7069359,3.0234485
1.4877925,-1.5934285,-1.793358,-0.5590999,1.4040536,1.7069075,3.0234485
1.4958453,-1.5934566,-1.789261,-0.55358684,1.4189619,1.7069404,3.0234408
1.5038772,-1.5934371,-1.7850219,-0.5481258,1.4339095,1.7069284,3.0234573
1.5118184,-1.5934027,-1.78078,-0.5427259,1.449119,1.7069268,3.0234601
1.519814,-1.5934027,-1.7764875,-0.5371614,1.464131,1.7068791,3.0234737
1.5278149,-1.5935119,-1.7721554,-0.53136843,1.4798886,1.7069374,3.0234067
1.5358281,-1.5934166,-1.7678887,-0.52556366,1.495442,1.7069374,3.0234113
1.5438519,-1.5934566,-1.763529,-0.51970834,1.5114526,1.7068866,3.0233948
1.5518293,-1.5934328,-1.7590724,-0.51392597,1.5274411,1.7069138,3.0234275
1.5597906,-1.5934252,-1.7545091,-0.5080923,1.5438818,1.7068717,3.0234737
1.5678568,-1.5933999,-1.7499281,-0.5020618,1.5602297,1.7068837,3.0234737
1.5757985,-1.5934118,-1.7453486,-0.4958542,1.5769504,1.7068838,3.0234365
1.5838046,-1.5934657,-1.7405726,-0.48956552,1.5937308,1.7068837,3.0234408
1.5918875,-1.5933956,-1.7356988,-0.48337948,1.6107451,1.7068458,3.02342
1.599823,-1.5933489,-1.7314306,-0.47767216,1.6268767,1.7069494,3.0234003
1.6078057,-1.593491,-1.7278701,-0.473219,1.6402062,1.7069359,3.0233436
1.6158018,-1.5935653,-1.7245466,-0.46893585,1.6505142,1.7068837,3.0234091
1.6238132,-1.5935453,-1.7219588,-0.46595842,1.6583353,1.7069046,3.023372
1.6318569,-1.5935563,-1.7203494,-0.4639336,1.6632982,1.7069603,3.023327
1.639812,-1.5936054,-1.7195655,-0.46294108,1.6655515,1.7070198,3.0232909
1.64786,-1.5935935,-1.7194954,-0.4629273,1.6656319,1.7071037,3.0232568
1.655829,-1.593552,-1.7202436,-0.4639237,1.6630007,1.7070827,3.0233133
1.6638126,-1.5935572,-1.7218877,-0.4659845,1.6580695,1.7070918,3.0232744
1.6718135,-1.5935038,-1.7241756,-0.46878892,1.6506947,1.7070016,3.0233288
1.6797776,-1.593511,-1.7266408,-0.4719138,1.6424416,1.707005,3.0233555
1.6877985,-1.5935453,-1.7288724,-0.47471532,1.6343461,1.7069359,3.0233839
1.6958289,-1.5934519,-1.7311479,-0.47746468,1.626809,1.7069075,3.0234768
1.7038126,-1.5934237,-1.7330171,-0.47945887,1.6207634,1.7068547,3.0235448
1.7117925,-1.5933608,-1.7345558,-0.48107538,1.6171356,1.7068281,3.0235932
1.7197862,-1.5933679,-1.7355057,-0.48203263,1.61512,1.7066613,3.0236049
1.727788,-1.5934118,-1.736045,-0.4825976,1.6141385,1.7067248,3.0235522
1.7359333,-1.5934519,-1.7361947,-0.48282748,1.6135098,1.7067412,3.0234792
1.7438855,-1.5934843,-1.7361213,-0.48286322,1.613015,1.706806,3.023475
1.7519302,-1.5935501,-1.7358061,-0.4826923,1.6128415,1.706819,3.0234468
1.7598834,-1.593532,-1.7356778,-0.4827088,1.6128124,1.7068791,3.0234559
1.767827,-1.5935982,-1.7353865,-0.48263237,1.6131445,1.7069478,3.0234575
1.775837,-1.5935682,-1.7352759,-0.4825276,1.6132652,1.7069176,3.0234365
1.7837934,-1.5935816,-1.7352487,-0.48260552,1.6132969,1.7069386,3.0233703
1.7918258,-1.5935653,-1.7353078,-0.4825996,1.6132385,1.7069522,3.023483
1.7997994,-1.5935863,-1.7354599,-0.48269245,1.6131812,1.7069448,3.0234337
1.8078175,-1.5935272,-1.7354962,-0.4827361,1.6132249,1.7068911,3.0234349
1.8158064,-1.593541,-1.7355286,-0.48272267,1.6133343,1.706903,3.0234065
1.8237967,-1.59352,-1.7354318,-0.48267907,1.613273,1.7069784,3.0233657
1.8317947,-1.593561,-1.7352835,-0.48264322,1.6132759,1.7068911,3.0234485
1.839787,-1.593561,-1.7351257,-0.48257864,1.6130916,1.7069433,3.0234337
1.8478398,-1.593603,-1.7351085,-0.48255885,1.6130139,1.7068613,3.0234036
1.8558135,-1.5935229,-1.7350913,-0.48257867,1.6129867,1.7068956,3.0234113
1.8638449,-1.5935081,-1.7352368,-0.4826522,1.6129209,1.7068657,3.0234246
1.8719563,-1.593562,-1.7352873,-0.48266253,1.6129135,1.7068986,3.023444
1.8798037,-1.593501,-1.7354232,-0.48270285,1.6129526,1.7069194,3.0233948
1.8878775,-1.5935711,-1.7355157,-0.48275253,1.6129345,1.7069448,3.023441
1.8959103,-1.5935544,-1.7354752,-0.48275098,1.612837,1.7068746,3.0234768
1.9038324,-1.5935501,-1.7354566,-0.48275253,1.6128563,1.7069256,3.0234365
1.9118423,-1.593553,-1.7354451,-0.48274803,1.6128772,1.7069404,3.0234768
1.9198012,-1.5935816,-1.7353274,-0.482679,1.612868,1.7069385,3.023453
1.9278069,-1.5935863,-1.7352835,-0.48267153,1.6128875,1.706945,3.023432
1.9358053,-1.5935982,-1.7351705,-0.48268795,1.6128982,1.7068986,3.023444
1.9438462,-1.5936073,-1.7352,-0.48265466,1.6129345,1.7068821,3.0234156
1.951829,-1.593561,-1.7351757,-0.48269692,1.6129555,1.7069403,3.0234292
1.9599342,-1.5935882,-1.7352487,-0.4826671,1.6129702,1.7069404,3.0234485
1.9678688,-1.593541,-1.7352315,-0.48267603,1.6129447,1.7069359,3.0234456
1.9758301,-1.593553,-1.7353293,-0.48272815,1.6128875,1.7069359,3.023423
1.9838114,-1.5936092,-1.7352468,-0.48272815,1.6129628,1.7069013,3.0234394
1.9918699,-1.5935544,-1.7352878,-0.48270285,1.6128727,1.7069058,3.023411
1.9998331,-1.5935882,-1.735263,-0.4827163,1.6128999,1.7069285,3.023423
2.0078669,-1.5935501,-1.7352597,-0.48269093,1.6128081,1.7069557,3.0234394
2.0159507,-1.5935248,-1.7353212,-0.4827237,1.6128005,1.7069359,3.0234349
2.0238805,-1.5935153,-1.7352959,-0.48269093,1.612846,1.7069105,3.023423
2.0318875,-1.59352,-1.735324,-0.482757,1.612846,1.706894,3.0234513
2.0399718,-1.5935835,-1.7353169,-0.4827361,1.6128389,1.706924,3.0234468
2.0478601,-1.5935243,-1.7352625,-0.48274803,1.6128005,1.706924,3.0234559
2.0558567,-1.5934943,-1.7353259,-0.48274505,1.6128863,1.7069359,3.0234394
2.0638862,-1.5935153,-1.7352296,-0.4827237,1.6129118,1.7069314,3.02342
2.0718217,-1.5935954,-1.735273,-0.48270735,1.6129009,1.706912,3.0234604
2.079852,-1.593562,-1.735161,-0.48274508,1.6129645,1.7069649,3.023432
2.0878158,-1.593562,-1.7351867,-0.48269537,1.6129009,1.7069222,3.0234275
2.0958576,-1.5935153,-1.7352029,-0.48275253,1.6129056,1.7069478,3.02342
2.1038609,-1.5934962,-1.735242,-0.4827316,1.6129299,1.7069149,3.0234394
2.1118217,-1.5935334,-1.7351838,-0.48270285,1.6128966,1.7068657,3.023444
2.119801,-1.5934843,-1.7352687,-0.48266563,1.6129228,1.7069222,3.0234485
2.1278005,-1.5935334,-1.7352568,-0.48274058,1.6128727,1.7069105,3.0234575
2.1359076,-1.5935129,-1.735314,-0.4827327,1.6128863,1.7069268,3.0234349
2.14389,-1.5934933,-1.7352759,-0.48273912,1.6128727,1.7069196,3.0234365
2.1519141,-1.5935038,-1.7352868,-0.48275253,1.6128744,1.7069694,3.023411
2.159984,-1.5935472,-1.7352387,-0.48267728,1.6128744,1.7069058,3.0234275
2.1679902,-1.5934709,-1.7352759,-0.48276895,1.6128908,1.7069194,3.0234394
2.175847,-1.5935501,-1.7352597,-0.48275995,1.6128579,1.706924,3.0234888
2.1839247,-1.5935053,-1.7352687,-0.48271018,1.6129116,1.7069738,3.0234275
2.1918678,-1.59348,-1.7352821,-0.4827181,1.6128863,1.7069403,3.0234022
2.1998491,-1.5935038,-1.7352029,-0.4827809,1.6128982,1.7069194,3.0234604
2.2078395,-1.5935472,-1.7351791,-0.48271024,1.6128744,1.706927,3.023441
2.2158117,-1.5935305,-1.7352315,-0.48276153,1.6129228,1.7069374,3.0233903
2.2237935,-1.5934752,-1.7351547,-0.48274064,1.6128982,1.7069557,3.0234559
2.2317958,-1.5934643,-1.735212,-0.48280632,1.6129025,1.7069268,3.023432
2.2397933,-1.5935215,-1.7351757,-0.4827615,1.6129144,1.7069268,3.023432
2.24787,-1.5934981,-1.7352401,-0.48269832,1.6129011,1.7068777,3.0234485
2.2558107,-1.5934404,-1.7352043,-0.48273614,1.6129056,1.706915,3.023465
2.2638311,-1.5933498,-1.7352492,-0.48276448,1.6129478,1.7069857,3.0234246
2.2718182,-1.5933899,-1.7353059,-0.48274803,1.6129316,1.7068986,3.0234559
2.2799006,-1.5933942,-1.735305,-0.48277187,1.612861,1.7069341,3.023411
2.2878356,-1.593335,-1.7352554,-0.48275098,1.6129225,1.7069075,3.023441
2.2958598,-1.593376,-1.7353259,-0.48275548,1.6128534,1.7069693,3.0234485
2.3038301,-1.593347,-1.7352926,-0.48277634,1.6128846,1.7068956,3.0234694
2.3118138,-1.5934047,-1.7353092,-0.4827147,1.612918,1.706903,3.0233946
2.3197975,-1.5933679,-1.7352597,-0.48280913,1.6129435,1.7069738,3.023423
2.3278027,-1.593347,-1.7352778,-0.48274353,1.6129135,1.7069194,3.023444
2.3358126,-1.5933851,-1.735264,-0.4827147,1.612933,1.7069105,3.0234365
2.3438382,-1.5934228,-1.7352434,-0.48274806,1.6129657,1.7069314,3.023432
2.3518534,-1.5933899,-1.7352477,-0.4827316,1.612945,1.7069194,3.023453
2.359908,-1.593397,-1.7353193,-0.48275253,1.613006,1.706903,3.0233777
2.3678308,-1.593335,-1.735252,-0.48271814,1.6130823,1.7069613,3.02342
2.375811,-1.593376,-1.7352659,-0.48270574,1.6131781,1.7069433,3.02342
2.3838487,-1.5933942,-1.7352806,-0.48275548,1.6132339,1.7069268,3.023441
2.3918533,-1.5933579,-1.7352673,-0.4827227,1.6133655,1.7068882,3.023432
2.3998175,-1.5933651,-1.7352372,-0.48274803,1.6133164,1.7068837,3.0234485
2.4078484,-1.5934013,-1.7352849,-0.48276737,1.6131247,1.7068747,3.02342
2.4158258,-1.5934209,-1.7352268,-0.48277187,1.6128491,1.7068791,3.02342
2.4238138,-1.5933942,-1.735314,-0.48273906,1.6127108,1.7069657,3.0233946
2.4318228,-1.593376,-1.7352372,-0.48274353,1.6127473,1.706903,3.0234485
2.4398046,-1.5934013,-1.7352659,-0.4827316,1.6129159,1.706924,3.0234513
2.4477973,-1.5934228,-1.735252,-0.48274803,1.6129464,1.706912,3.023432
2.455842,-1.5934108,-1.7352611,-0.4827615,1.6129745,1.7068628,3.023444
2.4639587,-1.5933717,-1.7352358,-0.48272818,1.6128834,1.7069256,3.0234604
2.4718447,-1.5934299,-1.7351838,-0.48278087,1.6128775,1.7069031,3.0234737
2.479803,-1.5933942,-1.7352043,-0.48274353,1.6127294,1.7069314,3.0234065
2.4878144,-1.5933837,-1.7351848,-0.48275995,1.6127383,1.7069886,3.0234246
2.4959064,-1.5933851,-1.7351972,-0.4827147,1.6127664,1.7069721,3.0234292
2.5040908,-1.5934371,-1.7351638,-0.4827192,1.612883,1.7069314,3.023411
2.51187,-1.5933927,-1.7351266,-0.4827316,1.6128742,1.7069222,3.023413
2.5199437,-1.5933636,-1.7351848,-0.48270127,1.6127845,1.7069386,3.02342
2.5279326,-1.5934132,-1.7352,-0.48278534,1.6127936,1.7069511,3.02342
2.5358834,-1.5933851,-1.7352253,-0.48275995,1.6127609,1.7069649,3.02342
2.543889,-1.5933636,-1.7352401,-0.4827883,1.6128417,1.7069359,3.023453
2.5519552,-1.5934256,-1.7352358,-0.48272264,1.6128491,1.7069222,3.023411
2.5600061,-1.5933379,-1.7352315,-0.48275995,1.6128329,1.706924,3.0234694
2.5679321,-1.593388,-1.7351958,-0.4827838,1.6128129,1.7069268,3.0234141
2.5758395,-1.5934042,-1.7351896,-0.48274353,1.6128386,1.7069613,3.023444
2.5838556,-1.5933808,-1.7352539,-0.4827883,1.6128186,1.706903,3.023465
2.591978,-1.5934299,-1.7352539,-0.48273456,1.6127347,1.7070212,3.0234156
2.5999036,-1.5934209,-1.7352539,-0.48279122,1.6124853,1.706984,3.0234156
2.6078696,-1.5933927,-1.735273,-0.48282003,1.6122905,1.7069885,3.023411
2.6158342,-1.5933927,-1.7352268,-0.48285285,1.6120518,1.7069649,3.0234973
2.6240273,-1.5933546,-1.7352926,-0.4828648,1.6123289,1.706885,3.0234797
2.631999,-1.5933923,-1.7352759,-0.48280653,1.6126796,1.7068911,3.0234978
2.63982,-1.593409,-1.7352401,-0.48278674,1.6128341,1.7069567,3.023486
2.647945,-1.593418,-1.735191,-0.48276582,1.6128775,1.7069433,3.02342
2.6559062,-1.5934328,-1.7352,-0.48278674,1.6127664,1.7069738,3.023399
2.6639628,-1.5934075,-1.7351056,-0.48285437,1.6125842,1.7069403,3.023493
2.671967,-1.5934538,-1.7351447,-0.48277932,1.6126705,1.7069359,3.0234067
2.6798224,-1.5934628,-1.7351757,-0.4828047,1.6128067,1.7069448,3.0234768
2.6878495,-1.5934328,-1.7351938,-0.48282108,1.6129187,1.7069557,3.0234485
2.6958904,-1.5933698,-1.7352177,-0.48284093,1.6128536,1.7069557,3.023465
2.703825,-1.5934118,-1.735264,-0.48284093,1.6127566,1.706924,3.0234678
2.711812,-1.5933956,-1.735264,-0.48277038,1.612734,1.7069433,3.023465
2.719798,-1.5934371,-1.7351958,-0.4827867,1.6127182,1.7069194,3.023465
2.7278032,-1.593449,-1.7352287,-0.48281664,1.6127251,1.7069359,3.0234604
2.7357874,-1.593419,-1.7351295,-0.48285735,1.612774,1.7069603,3.0234604
2.7438097,-1.5934356,-1.735212,-0.482829,1.6127654,1.7069467,3.0234275
2.7518706,-1.5934981,-1.7351958,-0.48282453,1.6128224,1.7069222,3.0234065
2.7600121,-1.5934871,-1.7351624,-0.48281214,1.6128141,1.7069222,3.0234857
2.7678428,-1.5935367,-1.7352,-0.48278219,1.6128055,1.707005,3.0234575
2.7759247,-1.5936044,-1.7351819,-0.48277932,1.612826,1.7069467,3.0234888
2.7839208,-1.5935701,-1.7352091,-0.48281106,1.6128968,1.706996,3.0234559
2.7920337,-1.593562,-1.7352029,-0.4827912,1.6130778,1.7069377,3.023432
2.799914,-1.5935863,-1.735221,-0.4827539,1.6131097,1.7070153,3.0234456
2.8078623,-1.5935792,-1.735089,-0.48275995,1.6131378,1.7069795,3.02342
2.8158636,-1.593532,-1.735171,-0.48273453,1.613154,1.7069557,3.023411
2.823824,-1.5934929,-1.7351757,-0.48277634,1.6130768,1.7069557,3.0233748
2.8319054,-1.5935892,-1.7351729,-0.48272708,1.6131097,1.7069268,3.0234246
2.8399272,-1.5935563,-1.7351757,-0.48275548,1.6131335,1.7069557,3.023423
2.8480139,-1.5935482,-1.7351791,-0.48282114,1.6131054,1.7069739,3.0234604
2.8559413,-1.5935653,-1.7352959,-0.48276287,1.6130725,1.7069386,3.0234575
2.8639226,-1.5935439,-1.7351533,-0.4827912,1.6130768,1.7069603,3.0234065
2.8719854,-1.5935482,-1.7351924,-0.48275837,1.6130649,1.7069478,3.0233686
2.8799872,-1.593532,-1.7351519,-0.4828076,1.6130246,1.7069359,3.023411
2.8880076,-1.5935482,-1.7351547,-0.4827973,1.6130463,1.7069649,3.023399
2.895872,-1.5935181,-1.7351972,-0.482751,1.6130539,1.7069649,3.023474
2.9039803,-1.5935653,-1.7351638,-0.48282114,1.6130761,1.7069222,3.0233731
2.911983,-1.5936002,-1.7352391,-0.48271364,1.6129965,1.7069676,3.023441
2.9198976,-1.593532,-1.7351757,-0.482748,1.6129807,1.7069932,3.023441
2.927876,-1.5935773,-1.7352072,-0.4828256,1.6130301,1.7069433,3.0234365
2.9358697,-1.5935744,-1.7351838,-0.48276734,1.6130015,1.7069386,3.0234485
2.9440308,-1.5935653,-1.7352358,-0.48279572,1.6129895,1.7069149,3.02342
2.9519534,-1.593553,-1.7352539,-0.48276737,1.6129969,1.7069194,3.023432
2.9598837,-1.5935744,-1.7352301,-0.4827838,1.6129969,1.706894,3.0234902
2.9679265,-1.5935816,-1.7352182,-0.4827973,1.6130258,1.7069001,3.0234604
2.975913,-1.5935391,-1.7351595,-0.48277348,1.6130008,1.7068628,3.0234394
2.9839172,-1.5935563,-1.7351385,-0.48274803,1.6130215,1.7068911,3.0234065
2.9919448,-1.5935272,-1.7352091,-0.4827973,1.6130015,1.7069165,3.023432
2.99996,-1.5935248,-1.7351838,-0.48276898,1.6130465,1.7069403,3.0234065
3.0078254,-1.593603,-1.7351266,-0.48273453,1.6129895,1.706927,3.0234065
3.0158148,-1.5935744,-1.7351958,-0.4827838,1.6130031,1.7068702,3.0234246
3.0238104,-1.5935701,-1.7351805,-0.4827883,1.6129493,1.7069031,3.023444
3.031807,-1.593553,-1.735212,-0.48279276,1.6129135,1.7068764,3.023432
3.0398216,-1.5935215,-1.7351805,-0.48275098,1.6129006,1.7068912,3.0234156
3.047793,-1.593532,-1.7351357,-0.4827838,1.6129099,1.7068837,3.02342
3.0558138,-1.5935572,-1.7352062,-0.4827838,1.6128534,1.7068942,3.0234036
3.0637913,-1.5935954,-1.7351533,-0.48279276,1.6128982,1.7069359,3.0234156
3.071786,-1.593553,-1.7351867,-0.4827883,1.6128699,1.7068956,3.0234485
3.079794,-1.5935792,-1.7352344,-0.48271364,1.61284,1.7069194,3.0234184
3.087782,-1.5935291,-1.7352043,-0.4827629,1.6128563,1.7069105,3.023444
3.0957627,-1.5935816,-1.73517,-0.4827883,1.6128489,1.7069403,3.023444
3.1038017,-1.5935038,-1.7351791,-0.48280916,1.6128563,1.7068837,3.0233977
3.1118145,-1.593561,-1.7351924,-0.48277187,1.6128892,1.7069165,3.0234365
3.11981,-1.593532,-1.73518,-0.4828047,1.6129235,1.7068703,3.0233903
3.1277823,-1.5935663,-1.7352134,-0.48279276,1.6128563,1.7069194,3.023441
3.1357884,-1.593561,-1.7351924,-0.48274648,1.6129147,1.7069314,3.023444
3.1437888,-1.593562,-1.7351748,-0.48276448,1.6128844,1.7069492,3.0234275
3.1518135,-1.5935482,-1.7352043,-0.48278832,1.6129056,1.7069075,3.023453
3.15979,-1.5935835,-1.7352043,-0.48276448,1.6128279,1.7069031,3.0234246
3.167871,-1.593562,-1.7351881,-0.48280472,1.6128772,1.7068868,3.0233946
3.1757855,-1.5935291,-1.7351714,-0.48280022,1.6129409,1.7069403,3.023432
3.1837983,-1.5935572,-1.7351924,-0.48275995,1.6128653,1.7068956,3.0233731
3.1917844,-1.5935153,-1.7351714,-0.48280016,1.6128818,1.7068912,3.023423
3.1997871,-1.5935453,-1.7352582,-0.4827928,1.6128653,1.7069603,3.0234604
3.207786,-1.593562,-1.7351848,-0.48277187,1.6128114,1.7068539,3.023453
3.215796,-1.5935334,-1.7351924,-0.48275545,1.6128818,1.7069314,3.023453
3.2238092,-1.5935453,-1.735221,-0.48279577,1.6128699,1.7069433,3.023411
3.2318,-1.593541,-1.7352282,-0.48277476,1.6128296,1.7068942,3.0234604
3.2397904,-1.5935668,-1.7352091,-0.48279732,1.6128818,1.7069557,3.0234559
3.2477918,-1.5934962,-1.7352091,-0.4827255,1.6129073,1.7069194,3.0234156
3.2557864,-1.5935482,-1.7351776,-0.4827509,1.6129283,1.7069567,3.023432
3.2637663,-1.593562,-1.7351128,-0.4827912,1.6128699,1.7069194,3.0234768
3.2717671,-1.5934914,-1.7351247,-0.48277026,1.6128997,1.7068822,3.023486
3.279807,-1.5935334,-1.7352225,-0.48280764,1.6128789,1.7069403,3.023441
3.2877789,-1.593459,-1.7352043,-0.48274645,1.6128415,1.7068851,3.023399
3.2957797,-1.5935572,-1.7352253,-0.48278832,1.6129419,1.7069358,3.0233686
3.3037705,-1.5935215,-1.7352,-0.48275092,1.6128296,1.7069284,3.0234184
3.3118205,-1.5935096,-1.7352358,-0.48275995,1.612888,1.7069386,3.0234113
3.3197827,-1.5934709,-1.7352744,-0.48276734,1.6127933,1.7069058,3.0234022
3.3277812,-1.5934824,-1.7352358,-0.4827345,1.6127871,1.7069693,3.023444
3.3357801,-1.5935663,-1.7351848,-0.48274642,1.6128341,1.7069238,3.023411
3.3437982,-1.5935248,-1.7352582,-0.4827838,1.6128579,1.7069433,3.023453
3.351715,-1.5935973,-1.735233,-0.4827912,1.6128296,1.7069737,3.0233822
3.359788,-1.59351,-1.7351838,-0.48275545,1.612846,1.7069074,3.0234275
3.367766,-1.5934428,-1.7351457,-0.48275995,1.6128551,1.7069314,3.0234065
3.3757873,-1.5935262,-1.7351834,-0.48277932,1.6128415,1.7069467,3.0234065
3.3838096,-1.5935382,-1.7352434,-0.48282114,1.6127514,1.7069656,3.0234485
3.391787,-1.5934771,-1.73517,-0.48280022,1.6128217,1.7069491,3.0234022
3.399794,-1.5934237,-1.7352773,-0.48278832,1.6127888,1.7069014,3.0233946
3.407802,-1.5934132,-1.7352029,-0.4827419,1.6128863,1.7069194,3.0234275
3.4158244,-1.5933446,-1.7351733,-0.48283806,1.6129044,1.7068629,3.0234723
3.4238076,-1.5933651,-1.735221,-0.48277187,1.6128625,1.7069194,3.0234604
3.431768,-1.593377,-1.7352,-0.4827793,1.6128296,1.7069238,3.0234349
3.4397635,-1.5933532,-1.7351505,-0.48282117,1.6128415,1.7068568,3.0233903
3.4477968,-1.5933517,-1.7351867,-0.48277932,1.6128169,1.7069075,3.023453
3.45584,-1.5933326,-1.7352849,-0.4827838,1.6128863,1.7069358,3.023444
3.463828,-1.593304,-1.7351867,-0.48276287,1.61296,1.706927,3.0234485
3.471878,-1.593295,-1.7352315,-0.48281664,1.6129776,1.7069386,3.0234065
3.4798503,-1.5933532,-1.7351581,-0.48279735,1.6130232,1.706927,3.0234365
3.4878135,-1.5933326,-1.7351342,-0.48275995,1.6129895,1.7069447,3.0234513
3.4958048,-1.5933989,-1.7351638,-0.48276734,1.6129686,1.7068868,3.0234275
3.5037704,-1.5933398,-1.7351476,-0.48275995,1.6129731,1.7069238,3.023423
3.5117912,-1.5932907,-1.735233,-0.4827435,1.6129254,1.7069194,3.0234933
3.5197983,-1.5934123,-1.7351881,-0.48278376,1.6129657,1.706915,3.0234275
3.527763,-1.5933608,-1.7352282,-0.48276448,1.6129802,1.7069119,3.0233946
3.5357618,-1.593356,-1.7352077,-0.4828002,1.613015,1.706927,3.023453
3.5437646,-1.5933412,-1.7352401,-0.4827763,1.6129447,1.7069477,3.0233731
3.5518394,-1.5932907,-1.7352077,-0.4827928,1.6129283,1.7069521,3.023453
3.559791,-1.5933279,-1.7351748,-0.48276734,1.6129867,1.7069075,3.0233946
3.5677886,-1.5933446,-1.7352015,-0.48281375,1.6129776,1.706915,3.0234156
3.575786,-1.5934032,-1.735221,-0.48279282,1.6129702,1.7069402,3.0234156
3.583808,-1.5933565,-1.7351714,-0.48270106,1.6129793,1.7069402,3.02342
3.5918298,-1.5933326,-1.73518,-0.48275998,1.6129464,1.7069328,3.0233777
3.599845,-1.5934199,-1.7351848,-0.48275545,1.6129583,1.7069163,3.023411
3.6078038,-1.5933818,-1.7351705,-0.48281834,1.6128954,1.7068912,3.0234485
3.615789,-1.5933369,-1.7352,-0.48277476,1.6129657,1.7069238,3.02342
3.623808,-1.5933441,-1.7352077,-0.4827809,1.6129118,1.7069402,3.023432
3.6318192,-1.5933651,-1.7351838,-0.48273447,1.6129657,1.7069031,3.0234501
3.639772,-1.5933441,-1.735221,-0.48279735,1.6129628,1.7069358,3.023453
3.6477866,-1.5933818,-1.7352091,-0.4827509,1.6129299,1.7069358,3.023411
3.6557932,-1.5933942,-1.7352091,-0.48275092,1.6129557,1.7069031,3.0234036
3.663795,-1.593377,-1.7352134,-0.48275545,1.6129628,1.7069106,3.02339
3.6717768,-1.5933656,-1.735221,-0.48274806,1.6129838,1.7068943,3.0234275
3.6798038,-1.5933942,-1.7351924,-0.4827809,1.6128892,1.706915,3.0234814
3.687828,-1.593397,-1.7352043,-0.48273447,1.6129273,1.706949,3.0234349
3.6957893,-1.5934342,-1.7351624,-0.48280475,1.6129438,1.7069603,3.0234559
3.7037945,-1.593376,-1.7352239,-0.48280475,1.6129271,1.7069929,3.0233822
3.711823,-1.5933636,-1.7352358,-0.48278832,1.6129192,1.706972,3.02342
3.7197895,-1.593388,-1.7352163,-0.4827838,1.612867,1.7069513,3.023444
3.7278142,-1.5933517,-1.7351986,-0.4828212,1.6128262,1.7069521,3.023486
3.7357917,-1.593367,-1.7351624,-0.48279735,1.6128699,1.7069477,3.0234575
3.7438188,-1.5934271,-1.7352339,-0.48272702,1.6130322,1.7069602,3.023453
3.7517815,-1.593409,-1.735212,-0.48271343,1.613078,1.7069958,3.0234337
3.7598104,-1.5933627,-1.7351915,-0.48275548,1.6130806,1.7069588,3.023342
3.7678308,-1.5934013,-1.7351967,-0.48277357,1.6131216,1.7070122,3.0233748
3.7758217,-1.5933851,-1.7351881,-0.48279288,1.6129986,1.7069929,3.0234082
3.7838244,-1.5934538,-1.7351357,-0.48276448,1.6128608,1.7069017,3.023423
3.7918115,-1.5933999,-1.7351562,-0.48279288,1.612918,1.7069283,3.0234275
3.7997727,-1.5934418,-1.7351838,-0.4827674,1.6129538,1.7069477,3.023441
3.8078213,-1.593409,-1.7351376,-0.482739,1.6129493,1.7069557,3.023391
3.815774,-1.593409,-1.735118,-0.4827645,1.6129299,1.7069343,3.02342
3.823752,-1.5934747,-1.7351552,-0.48274347,1.6128963,1.7069477,3.023423
3.8318396,-1.5933837,-1.7351671,-0.482739,1.6129102,1.706915,3.0234156
3.839837,-1.5934705,-1.7351748,-0.48274806,1.6128846,1.7069433,3.023399
3.847787,-1.593419,-1.7351757,-0.48275253,1.6128937,1.7069513,3.0234294
3.8558106,-1.5934614,-1.7352177,-0.48274347,1.6129209,1.7069224,3.0234082
3.8637867,-1.5935239,-1.7352577,-0.4827855,1.6129299,1.7069224,3.0233903
3.871821,-1.5935334,-1.7352444,-0.48275995,1.6129345,1.7069602,3.023432
3.8797903,-1.593553,-1.7352296,-0.48279285,1.6128563,1.7069061,3.023432
3.8878574,-1.5935744,-1.7351757,-0.48274803,1.6129056,1.7069387,3.023423
3.8958259,-1.5935653,-1.7351595,-0.48278382,1.6129392,1.706915,3.0234065
3.9038,-1.593511,-1.7352325,-0.48277363,1.6128727,1.7069106,3.0234246
3.9118056,-1.5935863,-1.7352043,-0.48273438,1.6128937,1.7069031,3.0234275
3.919825,-1.5936145,-1.7352325,-0.48282284,1.6129056,1.7069314,3.023453
3.927847,-1.593624,-1.7351757,-0.48279002,1.6129299,1.7069564,3.0233946
3.9358206,-1.5935725,-1.7351795,-0.48277357,1.6129299,1.7068944,3.023444
3.9438286,-1.5935773,-1.7352206,-0.48276448,1.6129228,1.7069646,3.023432
3.9518309,-1.593541,-1.7351629,-0.4828019,1.6128963,1.7069854,3.023432
3.9598413,-1.593561,-1.7351838,-0.48275545,1.6128963,1.7069433,3.0234394
3.967824,-1.5935863,-1.7352248,-0.48277637,1.612918,1.7069477,3.0234559
3.9758306,-1.5935439,-1.7351958,-0.48278087,1.6128963,1.7069445,3.0234485
3.9837995,-1.593541,-1.73518,-0.48276904,1.6129009,1.7069314,3.0234184
3.9918041,-1.5935935,-1.7351886,-0.48275098,1.6129392,1.706952,3.0234604
3.9998312,-1.5935982,-1.7352043,-0.4827345,1.6129419,1.7069733,3.023432
4.007805,-1.593553,-1.7352444,-0.4827361,1.6129056,1.7069107,3.023453
4.01581,-1.5935982,-1.7351671,-0.4827764,1.612918,1.7069031,3.0234692
4.023847,-1.5935701,-1.7351257,-0.48277187,1.6129493,1.7069689,3.0234888
4.031844,-1.5935439,-1.7351886,-0.48277634,1.612892,1.7069196,3.0234365
4.039831,-1.5935816,-1.7351881,-0.4827719,1.6129702,1.7068748,3.023411
4.0478253,-1.593552,-1.7352086,-0.4827345,1.6129056,1.7069445,3.0234036
4.055831,-1.593553,-1.7351757,-0.4827854,1.6129254,1.7069646,3.0234678
4.063814,-1.5935606,-1.7351581,-0.48278093,1.6129373,1.7069281,3.023411
4.0718336,-1.5935863,-1.7351958,-0.48272252,1.6129438,1.7069564,3.02342
4.0798106,-1.5935653,-1.7351757,-0.48277187,1.6128892,1.7069852,3.0233822
4.087796,-1.593553,-1.7351967,-0.48277354,1.6129228,1.7069477,3.0234604
4.0958624,-1.5935272,-1.7351433,-0.48273903,1.6129628,1.7069358,3.0234067
4.1038046,-1.5935653,-1.7351538,-0.48276445,1.6128772,1.7069314,3.0234559
4.111834,-1.5935744,-1.7351595,-0.48276454,1.6129147,1.7068825,3.0233688
4.1197853,-1.5935863,-1.7351257,-0.4827719,1.6128963,1.7069062,3.0234485
4.1278067,-1.5935954,-1.7351171,-0.48271465,1.6128937,1.7068944,3.0234811
4.1358023,-1.5935744,-1.7352129,-0.48275548,1.6128563,1.706952,3.0234468
4.143825,-1.593562,-1.735253,-0.48275545,1.6129528,1.7069433,3.0234528
4.1517906,-1.5935038,-1.7352415,-0.48273453,1.6128982,1.7069557,3.0233994
4.1598268,-1.5935391,-1.7351757,-0.48275998,1.6128534,1.7069345,3.023453
4.167814,-1.593532,-1.7351924,-0.48279732,1.6128489,1.7069602,3.0234408
4.1758018,-1.5935482,-1.735201,-0.48279282,1.6128563,1.7069476,3.0234692
4.183793,-1.5935744,-1.7352206,-0.48278087,1.6129318,1.7069387,3.0234692
4.1918154,-1.5935792,-1.7351757,-0.48275995,1.6128844,1.7069602,3.0233777
4.1997805,-1.5935339,-1.7352034,-0.48270565,1.6129147,1.7069224,3.02342
4.2077966,-1.5935081,-1.7352487,-0.482739,1.6129056,1.7069314,3.02342
4.215781,-1.5935701,-1.7351838,-0.48275548,1.6128608,1.706952,3.0233703
4.223777,-1.5935482,-1.7352086,-0.48275095,1.6128982,1.7069733,3.0234647
4.2317758,-1.5935439,-1.7352,-0.48273003,1.6128608,1.7069387,3.0234067
4.239839,-1.593541,-1.7351419,-0.48279285,1.6128772,1.7069882,3.0234513
4.247821,-1.5935153,-1.735212,-0.4827345,1.6128772,1.7069563,3.0234408
4.255819,-1.5935439,-1.7351538,-0.48275256,1.6128772,1.7069387,3.0234573
4.263815,-1.5935482,-1.7351347,-0.482739,1.6128789,1.7069151,3.023413
4.2718263,-1.5935248,-1.7352,-0.48275092,1.6128563,1.706952,3.0234604
4.279792,-1.5934943,-1.7352043,-0.48272997,1.6129483,1.706915,3.023432
4.2878447,-1.5935291,-1.735212,-0.48276907,1.6128608,1.7069238,3.0234292
4.2958393,-1.5935291,-1.7351714,-0.48273453,1.612868,1.7069271,3.0234022
4.303814,-1.593511,-1.7351872,-0.48275545,1.6128937,1.7069151,3.0234456
4.3118215,-1.5934919,-1.7352577,-0.4827509,1.612816,1.70689,3.0234737
4.3197913,-1.5935572,-1.7351924,-0.48275837,1.6127661,1.7069151,3.0234246
4.3277836,-1.5935363,-1.7351924,-0.48272258,1.6128806,1.7068913,3.0234232
4.3358474,-1.5935663,-1.7352,-0.48278832,1.6128534,1.7069732,3.0234811
4.3438864,-1.593541,-1.7352091,-0.48277634,1.6128415,1.7069314,3.0234156
4.351839,-1.5934962,-1.7352043,-0.4827854,1.6128505,1.7068751,3.02349
4.3598404,-1.5935792,-1.735191,-0.48278832,1.6128079,1.7069564,3.0234365
4.3678017,-1.5935663,-1.735191,-0.4828019,1.6128296,1.7069225,3.0234993
4.3758364,-1.593562,-1.7351385,-0.4828122,1.6127933,1.7069062,3.0234528
4.383847,-1.5934991,-1.7352072,-0.4827928,1.6128324,1.7069476,3.0234113
4.391793,-1.5935291,-1.7351624,-0.4827928,1.6128625,1.7069063,3.0234604
4.399787,-1.5935081,-1.7352582,-0.48278382,1.6128415,1.7069356,3.0234692
4.4078565,-1.593562,-1.73517,-0.4827763,1.6128551,1.7069075,3.0234885
4.4158163,-1.5935334,-1.735233,-0.48278373,1.6128625,1.70694,3.0234766
4.4237967,-1.593541,-1.7351748,-0.48277637,1.6128534,1.7069314,3.0234408
4.431814,-1.5935382,-1.73517,-0.482718,1.6128699,1.7069851,3.0234528
4.4398184,-1.5935382,-1.7351791,-0.48277184,1.6128715,1.7068945,3.0234232
4.447803,-1.5935129,-1.7351595,-0.48275548,1.6128744,1.7069476,3.0234678
4.455808,-1.5935835,-1.73518,-0.48275095,1.6128446,1.7069314,3.0234275
4.4637804,-1.5935334,-1.7352163,-0.4827345,1.6128563,1.7069181,3.0234485
4.4718237,-1.5935262,-1.7352163,-0.48276454,1.6128489,1.7069356,3.02342
4.479802,-1.5934509,-1.7352077,-0.48275092,1.6128818,1.706952,3.0234456
4.487834,-1.5934781,-1.7351938,-0.48278996,1.6128534,1.7069302,3.0234604
4.4958034,-1.5934371,-1.7352163,-0.4827509,1.6129028,1.7069387,3.0234232
4.5038557,-1.593418,-1.7352,-0.48278543,1.6128801,1.7069194,3.0235062
4.511815,-1.593356,-1.7352,-0.4827854,1.6128265,1.7069433,3.023435
4.519807,-1.5933088,-1.7351667,-0.4827435,1.6128772,1.7069838,3.023444
4.52781,-1.593377,-1.7352401,-0.48279282,1.6129235,1.7069225,3.0233994
4.535776,-1.5933446,-1.7352253,-0.48274806,1.6129392,1.7069838,3.023432
4.5438356,-1.5933579,-1.735233,-0.4827719,1.612918,1.7069107,3.0234275
4.5518165,-1.5933818,-1.7352,-0.4827451,1.6129361,1.7069314,3.0234144
4.5598116,-1.5933818,-1.7352372,-0.48275548,1.6129225,1.7069602,3.0234604
4.5678134,-1.593295,-1.7352372,-0.48274645,1.6129569,1.7069477,3.0234559
4.575829,-1.5932993,-1.7351624,-0.4827928,1.6129056,1.7070014,3.0234365
4.583808,-1.5933207,-1.73518,-0.4827645,1.6128801,1.7069433,3.0234485
4.591804,-1.5933489,-1.7351714,-0.48277187,1.6128982,1.7069602,3.023369
4.5998273,-1.5933021,-1.7351714,-0.482739,1.6129271,1.7069733,3.0234394
4.6078124,-1.5933698,-1.7352568,-0.4828047,1.6129345,1.70694,3.023432
4.6157985,-1.593356,-1.7352582,-0.4827838,1.6128818,1.7069476,3.023378
4.623788,-1.5932997,-1.7352687,-0.48277634,1.6128682,1.706952,3.0234528
4.631808,-1.5933698,-1.7352043,-0.4827271,1.6128863,1.7068988,3.0234113
4.6398597,-1.5933083,-1.7352492,-0.48273158,1.6129102,1.7069719,3.0234113
4.647965,-1.5933989,-1.7351958,-0.48277637,1.612918,1.7069433,3.0234275
4.655884,-1.5933446,-1.7351714,-0.48279735,1.6129011,1.7069476,3.0234723
4.663995,-1.5934032,-1.7352659,-0.48279282,1.6129524,1.7069719,3.023447
4.6719675,-1.5933279,-1.7351972,-0.48276734,1.612918,1.7069137,3.023444
4.6799574,-1.5933698,-1.7352,-0.48272708,1.6129478,1.7069225,3.0234158
4.6878514,-1.5933398,-1.735233,-0.48275548,1.6129435,1.7069764,3.0234232
4.695978,-1.593377,-1.7351891,-0.48279288,1.6128846,1.7069477,3.0234067
4.70398,-1.5933741,-1.7351924,-0.48278832,1.6128358,1.70694,3.0234232
4.7119045,-1.5933679,-1.7352043,-0.48277637,1.6129102,1.7069433,3.023432
4.7198596,-1.5933651,-1.7352539,-0.48276734,1.6129225,1.7069063,3.0234067
4.727882,-1.5933656,-1.7352,-0.4827555,1.6129102,1.7070057,3.023432
4.7359285,-1.5933908,-1.7351757,-0.48272258,1.6129011,1.7069602,3.0234036
4.743936,-1.5933307,-1.7351176,-0.48273897,1.6129552,1.7069719,3.0233994
4.7518725,-1.5933636,-1.7351547,-0.48278838,1.6128923,1.7068783,3.0234559
4.759924,-1.5934013,-1.7352539,-0.48271808,1.6129011,1.7069107,3.0234275
4.7678795,-1.5933532,-1.7352043,-0.4827793,1.6128966,1.7069225,3.0233994
4.7759056,-1.5933727,-1.7352239,-0.48274803,1.6128715,1.7069237,3.023484
4.7838492,-1.5933608,-1.7351657,-0.4827361,1.6129299,1.7069151,3.0234647
4.7919307,-1.5933532,-1.7351791,-0.48274803,1.612918,1.7069356,3.0234156
4.7999334,-1.593418,-1.7351505,-0.48277637,1.6128966,1.7069118,3.0234232
4.8079157,-1.5934108,-1.7351266,-0.4827973,1.612918,1.7069563,3.023419
4.815815,-1.5933517,-1.7352,-0.48272255,1.6129011,1.7069075,3.023432
4.8239675,-1.5933727,-1.7351958,-0.48274642,1.6129907,1.7069194,3.0234232
4.8319635,-1.5933565,-1.7352015,-0.48275095,1.6129552,1.7068988,3.0234232
4.8399653,-1.593376,-1.7352,-0.4827719,1.6129011,1.7069607,3.0234604
4.8479247,-1.5933679,-1.7351576,-0.482718,1.6129211,1.706927,3.0234485
4.855942,-1.5934061,-1.7351533,-0.48274353,1.6128803,1.7069151,3.0235195
4.8639975,-1.593376,-1.7352029,-0.48273158,1.6129717,1.7069271,3.023395
4.8719993,-1.593439,-1.7351638,-0.48278093,1.6128684,1.7069032,3.023469
4.879959,-1.5933455,-1.7351757,-0.48275992,1.6129299,1.706927,3.023432
4.8880115,-1.5934299,-1.7352,-0.48271462,1.6128715,1.7069281,3.0234113
4.89588,-1.593409,-1.7351972,-0.48276448,1.6129225,1.7068988,3.023435
4.903993,-1.5934118,-1.7351218,-0.48274642,1.6129225,1.7069557,3.023398
4.9119596,-1.5935191,-1.7351576,-0.48282114,1.6128968,1.7069829,3.0234277
4.9199834,-1.59351,-1.7352511,-0.48274803,1.612939,1.7069149,3.023432
4.927946,-1.5935038,-1.7351867,-0.4827435,1.6129287,1.7068869,3.0234113
4.9359574,-1.5935129,-1.7352091,-0.4828301,1.6129342,1.7069386,3.0234365
4.9439154,-1.5935744,-1.7351667,-0.48277187,1.6129144,1.7069149,3.0234854
4.95197,-1.5935367,-1.7352701,-0.4827809,1.6129225,1.7069104,3.023404
4.959979,-1.593532,-1.73517,-0.48273447,1.6129342,1.7069314,3.0234394
4.967978,-1.5935725,-1.7351958,-0.48279282,1.6129552,1.7069613,3.0234363
4.97589,-1.5935572,-1.7351624,-0.48274642,1.6129299,1.7069433,3.0233994
4.9839454,-1.5935563,-1.7351986,-0.482739,1.6129314,1.7069194,3.0234396
4.9919853,-1.59352,-1.7351819,-0.48276904,1.6129388,1.7069768,3.0233905
4.9999623,-1.5935816,-1.7351667,-0.48280922,1.6128937,1.7069314,3.0234363
5.0079226,-1.5935653,-1.7352,-0.48275545,1.612898,1.7069433,3.0234945
5.015885,-1.5935935,-1.7351457,-0.482769,1.612873,1.7068866,3.023432
5.0239463,-1.5935816,-1.7351714,-0.48272702,1.6128613,1.7069448,3.023432
5.031955,-1.5935482,-1.7351848,-0.48275092,1.6128894,1.7069359,3.0234601
5.040002,-1.5935863,-1.735264,-0.48275548,1.6128861,1.7069649,3.0234647
5.0478835,-1.5935606,-1.7351547,-0.482739,1.6129314,1.706924,3.0233824
5.055872,-1.5935744,-1.7351657,-0.48280922,1.6128732,1.7069649,3.0234516
5.0640135,-1.5935863,-1.7352701,-0.48276734,1.6128894,1.7069603,3.0234113
5.0719314,-1.5935816,-1.7351204,-0.48277637,1.6128937,1.7069511,3.0234601
5.079918,-1.5935439,-1.735212,-0.48276734,1.612898,1.7069149,3.0234232
5.087892,-1.593603,-1.7351533,-0.48277935,1.6129099,1.7069478,3.023419
5.0958405,-1.593561,-1.7352287,-0.48279572,1.6128775,1.7069149,3.023407
5.1038527,-1.593573,-1.7352134,-0.482739,1.6128417,1.706924,3.02342
5.111827,-1.593532,-1.7351624,-0.48273903,1.6128329,1.7068985,3.0234528
5.1198597,-1.5935954,-1.7351838,-0.48274803,1.6128656,1.7069238,3.0233705
5.1278214,-1.5935391,-1.7351128,-0.48273438,1.6129299,1.7069268,3.0234616
5.1359634,-1.593553,-1.7351958,-0.48281378,1.6128775,1.7069149,3.0234852
5.143867,-1.593541,-1.7351958,-0.4827719,1.612898,1.7069738,3.0234158
5.1518593,-1.5935367,-1.7352287,-0.48277634,1.6129225,1.7069433,3.023478
5.1598682,-1.593553,-1.7351848,-0.4827345,1.6129142,1.7068893,3.02342
5.167873,-1.5935954,-1.7352,-0.48273897,1.6128732,1.7068613,3.0234885
5.1758833,-1.5935272,-1.7351667,-0.48275995,1.6128494,1.7069433,3.023457
5.1838365,-1.59352,-1.7351595,-0.48271805,1.6128699,1.7069694,3.023407
5.19188,-1.593553,-1.735212,-0.48273903,1.6128849,1.7069341,3.023432
5.1998487,-1.593532,-1.7351624,-0.48278832,1.6129137,1.706915,3.023444
5.2078424,-1.5935153,-1.7352,-0.48276734,1.6128684,1.7069194,3.023481
5.215818,-1.5935367,-1.7351848,-0.48279735,1.6128775,1.7069738,3.0234158
5.223825,-1.5936326,-1.7352372,-0.48281375,1.6128522,1.7069314,3.0234854
5.2318177,-1.593553,-1.7351533,-0.4827838,1.6128732,1.7069783,3.023444
5.2401,-1.5935911,-1.7351624,-0.48276448,1.6128641,1.706894,3.0233824
5.247868,-1.593532,-1.7351838,-0.48278832,1.6128849,1.7069603,3.0234158
5.2558765,-1.5935792,-1.7352539,-0.48273158,1.6129011,1.7069433,3.0234559
5.263883,-1.593541,-1.7351428,-0.4827838,1.612836,1.7068866,3.0234232
5.2719073,-1.5935792,-1.735191,-0.4827509,1.6129142,1.7069603,3.0234528
5.279874,-1.5935792,-1.7352182,-0.4827928,1.6128522,1.7069693,3.0234363
5.2878895,-1.5935172,-1.7351667,-0.48270112,1.6129056,1.7069478,3.0233738
5.295822,-1.5935863,-1.735221,-0.4827345,1.6129392,1.7069478,3.0234516
5.303844,-1.5935835,-1.7352,-0.48275995,1.6129316,1.7069433,3.023444
5.311867,-1.5935744,-1.7351867,-0.4827928,1.6128353,1.7069403,3.023435
5.3198543,-1.5935663,-1.7351748,-0.48273903,1.6129102,1.7069693,3.0234559
5.327827,-1.593532,-1.7352,-0.48275095,1.6128982,1.7068911,3.023387
5.3358345,-1.593553,-1.7351714,-0.48277187,1.6128963,1.7069358,3.023444
5.343942,-1.5935572,-1.7352282,-0.48272705,1.6128799,1.7069782,3.0234601
5.3518796,-1.5935272,-1.7352358,-0.48275548,1.6129748,1.7069403,3.0234408
5.3599377,-1.5935248,-1.7351838,-0.4827091,1.6129228,1.7069058,3.0234277
5.3678417,-1.5935439,-1.7351838,-0.48278826,1.612892,1.7069268,3.0234158
5.375838,-1.5935701,-1.7352,-0.48279738,1.612918,1.7068747,3.0233996
5.3839126,-1.5934962,-1.73517,-0.482769,1.6128892,1.7069314,3.0234766
5.3918753,-1.5935081,-1.735191,-0.48272702,1.6129583,1.7069523,3.023404
5.399822,-1.5935792,-1.7351757,-0.4827509,1.6128963,1.7069314,3.023432
5.40784,-1.593562,-1.7351505,-0.48278835,1.6129419,1.7068894,3.023404
5.415823,-1.5934871,-1.7352,-0.48275545,1.6129254,1.7068777,3.023404
5.423812,-1.5935172,-1.7351838,-0.48277634,1.6129299,1.7069433,3.0234277
5.431814,-1.5935291,-1.735191,-0.4827809,1.6128892,1.7069694,3.0234277
5.439823,-1.5935172,-1.7351881,-0.4827361,1.6129509,1.7069433,3.0234232
5.4479227,-1.5935172,-1.7352091,-0.4827809,1.6129464,1.7068942,3.023444
5.4558287,-1.5935215,-1.735242,-0.482739,1.6129912,1.7069403,3.0234516
5.4639034,-1.5935143,-1.7352043,-0.48272705,1.6129419,1.7068658,3.0234647
5.471938,-1.5934566,-1.7352253,-0.48276448,1.6129538,1.7068912,3.0234363
5.479889,-1.5933999,-1.7351667,-0.482739,1.6129583,1.7069222,3.0234113
5.4879446,-1.5933927,-1.735233,-0.48278832,1.6129228,1.7068777,3.02342
5.4958687,-1.5934228,-1.7352163,-0.48273608,1.6129102,1.7068986,3.0234363
5.5039597,-1.5934108,-1.735242,-0.48277184,1.6129583,1.7069194,3.0234277
5.511878,-1.593386,-1.7352301,-0.48276734,1.6129776,1.7069433,3.0234559
5.5198145,-1.5933608,-1.7351924,-0.4827838,1.6129419,1.7068894,3.0234113
5.5277996,-1.5933279,-1.7352492,-0.4827435,1.6129009,1.7069268,3.0234528
5.535843,-1.5933398,-1.7352,-0.48274347,1.61296,1.7069222,3.023407
5.5438433,-1.5933398,-1.7352,-0.48273453,1.6129555,1.7069567,3.0234559
5.5518913,-1.5933579,-1.7352659,-0.4827435,1.6129135,1.7069223,3.023444
5.5598774,-1.593335,-1.7351624,-0.48275545,1.6129209,1.7069522,3.0234113
5.567873,-1.593347,-1.7352091,-0.48273903,1.6129628,1.7069385,3.0234277
5.575821,-1.5933698,-1.7352358,-0.4827435,1.6129254,1.7069694,3.023362
5.5838394,-1.5933651,-1.7351791,-0.48279276,1.6129299,1.7069075,3.0234482
5.591814,-1.5933236,-1.7351838,-0.48279282,1.6129299,1.7069058,3.0234764
5.599882,-1.5933818,-1.7351714,-0.48275998,1.6129147,1.7069386,3.023444
5.607893,-1.5933608,-1.7351638,-0.48275256,1.6128963,1.7069447,3.023419
5.6158657,-1.5933651,-1.735233,-0.4827254,1.612909,1.7069149,3.0234559
5.6238394,-1.5933145,-1.7351924,-0.48274064,1.6128892,1.7069105,3.0233984
5.631831,-1.5933517,-1.7352,-0.48276907,1.6129102,1.7069105,3.0234406
5.639881,-1.5933622,-1.735263,-0.4827101,1.6129671,1.7069031,3.02342
5.647826,-1.5933307,-1.7352091,-0.48277634,1.6129719,1.7069522,3.0234113
5.65588,-1.5933651,-1.7351667,-0.48277187,1.6129299,1.7069149,3.0234647
5.663889,-1.5933489,-1.7351838,-0.48280016,1.6129345,1.7068821,3.0234232
5.6718693,-1.5933851,-1.7352196,-0.48275545,1.612918,1.7068866,3.0234158
5.6798,-1.5933899,-1.7351533,-0.48280925,1.6129209,1.7069693,3.0234234
5.6877947,-1.5933279,-1.7351485,-0.48276448,1.6129481,1.7069058,3.0234451
5.6958065,-1.5933565,-1.7351338,-0.48276448,1.6129235,1.7069657,3.0234601
5.7037983,-1.593335,-1.7351428,-0.48274803,1.612918,1.7069386,3.0234234
5.7118587,-1.5933517,-1.7352163,-0.48275092,1.6128966,1.7068895,3.02342
5.7198153,-1.5933851,-1.7352301,-0.48277637,1.612939,1.7068912,3.0234115
5.7278214,-1.593335,-1.7351748,-0.48275995,1.6128682,1.7069782,3.0234277
5.7358475,-1.5933636,-1.7352463,-0.48275995,1.6128801,1.7069222,3.0234687
5.7438593,-1.5934199,-1.7352492,-0.48275092,1.6129009,1.7069433,3.0234234
5.75181,-1.5933989,-1.7352492,-0.48275995,1.6129009,1.7069647,3.0234778
5.7598667,-1.5933899,-1.7351881,-0.48275995,1.6129407,1.7069031,3.0234482
5.7678576,-1.5933427,-1.7352091,-0.48269647,1.6128982,1.706927,3.0234244
5.775856,-1.5933427,-1.7352282,-0.48277187,1.6129526,1.7069557,3.0234482
5.783826,-1.5933517,-1.7351547,-0.48279738,1.6128534,1.7069782,3.0234451
5.7919416,-1.5934151,-1.7352091,-0.48276734,1.6128699,1.7069284,3.023395
5.7998295,-1.593347,-1.7351223,-0.48273158,1.6128892,1.7069433,3.0234115
5.807848,-1.5934108,-1.7351476,-0.4827719,1.6128818,1.7069612,3.0234234
5.815832,-1.5933851,-1.7352091,-0.48276734,1.6129073,1.7069812,3.0234559
5.823823,-1.5933851,-1.7351757,-0.4827645,1.6129056,1.7069567,3.0234525
5.8318033,-1.5933851,-1.735191,-0.48279738,1.6129147,1.7069058,3.023469
5.8398094,-1.5933808,-1.7351757,-0.48277637,1.6129192,1.706894,3.023472
5.848027,-1.5933589,-1.7351223,-0.48274806,1.6128756,1.7069477,3.02342
5.8559237,-1.5934461,-1.7352091,-0.4827809,1.6128818,1.7069522,3.023407
5.8639727,-1.5934299,-1.7352134,-0.4827719,1.6128966,1.7069477,3.0234644
5.8719015,-1.593449,-1.7351681,-0.48278832,1.6128818,1.7069811,3.0234354
5.8799124,-1.5934738,-1.7351581,-0.48279735,1.6129147,1.7069358,3.023407
5.887888,-1.5934814,-1.7351624,-0.48273894,1.6128892,1.7069975,3.0234852
5.895936,-1.593501,-1.7351462,-0.48278385,1.6129147,1.7069252,3.0234127
5.9038267,-1.5935215,-1.7352506,-0.48275548,1.6128534,1.7069827,3.023444
5.911907,-1.5935816,-1.735242,-0.48275995,1.6128863,1.7069284,3.0234244
5.919916,-1.5935563,-1.7351748,-0.48272702,1.6128789,1.7068821,3.0234525
5.9278765,-1.593553,-1.7351838,-0.482739,1.6129009,1.7069386,3.023431
5.9358606,-1.5935229,-1.7351624,-0.48281837,1.6129028,1.706903,3.023432
5.943862,-1.5935482,-1.7352134,-0.48273152,1.6129028,1.7069119,3.0234451
5.951931,-1.5936145,-1.735212,-0.4827928,1.6129209,1.7069492,3.0234559
5.959918,-1.593532,-1.7351414,-0.48278388,1.6128772,1.7069222,3.0234277
5.967887,-1.593532,-1.7352,-0.48273447,1.6128937,1.7068729,3.02342
5.975832,-1.593552,-1.7352568,-0.48278835,1.6128892,1.7069433,3.023481
5.983925,-1.593511,-1.7352449,-0.4827645,1.6129147,1.7068821,3.0233912
5.991869,-1.5935816,-1.7351838,-0.48274648,1.6128398,1.7069478,3.023469
5.9998693,-1.5935391,-1.7351958,-0.48278543,1.6129073,1.706894,3.0234396
6.007905,-1.5935653,-1.7352,-0.48278385,1.6129364,1.7068985,3.023472
6.015934,-1.5935391,-1.7352,-0.4827883,1.6128744,1.7069341,3.0234601
6.0239,-1.59352,-1.735221,-0.48276448,1.6128818,1.7069433,3.0234277
6.0318575,-1.593511,-1.7352492,-0.48273447,1.6129364,1.7069613,3.023444
6.0400057,-1.5935229,-1.7352177,-0.4827673,1.6128563,1.7069075,3.023432
6.047929,-1.5935291,-1.7352196,-0.48271462,1.6128143,1.7069649,3.0234363
6.055931,-1.593562,-1.7352153,-0.48279735,1.6129235,1.7069058,3.0234482
6.063862,-1.5935653,-1.73518,-0.48279282,1.6129271,1.7069314,3.0234115
6.071903,-1.5935653,-1.7351757,-0.48283026,1.6129028,1.7069105,3.0234406
6.0800133,-1.5935682,-1.7352535,-0.48275995,1.6129102,1.7069603,3.0233822
6.088008,-1.5935863,-1.7351924,-0.482739,1.6128579,1.7069494,3.023432
6.0958633,-1.593562,-1.735212,-0.48279735,1.612868,1.7069603,3.0234363
6.10396,-1.5935572,-1.7351958,-0.4827838,1.6129192,1.7068956,3.023395
6.1119394,-1.5935701,-1.7351671,-0.48277187,1.6128727,1.7069268,3.0234277
6.1199026,-1.5935663,-1.7351671,-0.48273447,1.6128515,1.706873,3.0234601
6.127823,-1.593562,-1.7352358,-0.48281834,1.6128205,1.7068911,3.0234158
6.1359015,-1.5935653,-1.7352163,-0.48274803,1.6129147,1.7069057,3.0234308
6.143902,-1.5935911,-1.7351462,-0.4827135,1.612835,1.7069603,3.0234158
6.1519213,-1.59352,-1.7351714,-0.4827838,1.6128937,1.7069268,3.0234559
6.159872,-1.5935572,-1.7352086,-0.48275545,1.6128188,1.7069222,3.0233707
6.1679163,-1.593532,-1.7352086,-0.48273447,1.6128608,1.7069359,3.023419
6.1758747,-1.5935911,-1.7352086,-0.48283026,1.6128892,1.7069268,3.0233996
6.1838703,-1.5935744,-1.7351705,-0.48277187,1.6128744,1.7069649,3.0233738
6.1918173,-1.5935453,-1.7352043,-0.48278832,1.6128699,1.7069649,3.0234525
6.199917,-1.5935038,-1.7352239,-0.4827435,1.6128846,1.7069194,3.0234234
6.207896,-1.5935153,-1.735222,-0.4827838,1.6128908,1.7069238,3.0234928
6.215933,-1.5935744,-1.7351838,-0.48275995,1.6129056,1.7069057,3.023444
6.223832,-1.593541,-1.7351958,-0.48280925,1.6128937,1.7069522,3.023432
6.231927,-1.5935501,-1.7352163,-0.482739,1.6129318,1.7069649,3.0234778
6.2398987,-1.5935129,-1.7352325,-0.4827809,1.6128908,1.7069314,3.0234115
6.247861,-1.59352,-1.7352577,-0.48275995,1.6128818,1.7068894,3.0234115
6.2558374,-1.5935711,-1.7351714,-0.48277187,1.6129102,1.7069557,3.0234027
6.263914,-1.5935334,-1.7351257,-0.48275995,1.6129073,1.7069268,3.0234525
6.2718906,-1.593532,-1.7352253,-0.4827345,1.6128398,1.7069523,3.0234482
6.279872,-1.5935453,-1.7351881,-0.48275545,1.6128844,1.7069403,3.0234158
6.2878447,-1.5935272,-1.7351705,-0.48282567,1.6129102,1.7069603,3.0234644
6.295868,-1.5935334,-1.7351924,-0.4827838,1.6128937,1.7069194,3.023391
6.303892,-1.5935453,-1.7352253,-0.48276904,1.612918,1.7069603,3.0234406
6.3118935,-1.5935744,-1.7351748,-0.48280188,1.6128608,1.7069194,3.02342
6.319828,-1.5935453,-1.7351714,-0.4827345,1.6128818,1.7069222,3.0234363
6.327917,-1.5935262,-1.7352868,-0.48276734,1.6129073,1.7069105,3.023469
6.335869,-1.5935291,-1.7351714,-0.48275545,1.6128398,1.7069296,3.0234396
6.3438635,-1.5935453,-1.7351915,-0.48272997,1.6129056,1.7069386,3.023444
6.3518333,-1.5935572,-1.7351795,-0.48273444,1.6128908,1.7069104,3.0234158
6.3599195,-1.5935501,-1.7351705,-0.48278835,1.6128443,1.7069359,3.0233984
6.3679276,-1.593541,-1.7351924,-0.4828019,1.6129555,1.7069738,3.0234354
6.3759317,-1.5935291,-1.7352339,-0.48277637,1.6129435,1.7069314,3.0234115
6.3839397,-1.5935572,-1.7351757,-0.48277187,1.6128398,1.7069013,3.0234115
6.391863,-1.5935038,-1.7352,-0.48279282,1.6128772,1.7069359,3.023432
6.39989,-1.593541,-1.7352239,-0.48277187,1.6128844,1.7069386,3.0234158
6.4078283,-1.5935591,-1.7351881,-0.48276448,1.6128844,1.7069858,3.0234559
6.4158764,-1.5935215,-1.7351757,-0.48276284,1.6129102,1.7069386,3.0234082
6.4238663,-1.5934843,-1.7352,-0.48276734,1.6129102,1.7069557,3.0234072
6.4318514,-1.5934843,-1.7351419,-0.4827838,1.6129073,1.7069649,3.023444
6.439803,-1.5934261,-1.7352577,-0.48276448,1.6129147,1.7069149,3.023444
6.4478283,-1.5935053,-1.7351881,-0.4827838,1.6128818,1.7069314,3.0234244
6.455846,-1.5934657,-1.7351838,-0.48270452,1.6128608,1.7069976,3.02342
6.463853,-1.593469,-1.7351214,-0.48278835,1.6128799,1.7069523,3.0233827
6.4718056,-1.5934328,-1.7351881,-0.48273903,1.6129273,1.7068986,3.0234764
6.4798365,-1.5933746,-1.7351915,-0.48275995,1.6128892,1.7069105,3.0234072
6.4878006,-1.5934342,-1.7352077,-0.482739,1.6129273,1.7069166,3.023432
6.495967,-1.5933636,-1.7352444,-0.48281378,1.6128398,1.7069478,3.023419
6.503955,-1.5933517,-1.7351595,-0.482748,1.612868,1.7069194,3.0234363
6.5118666,-1.5933427,-1.7351753,-0.48274803,1.6129273,1.7068911,3.0234568
6.519911,-1.593377,-1.7351838,-0.48274803,1.6128563,1.7068986,3.0234277
6.5278816,-1.593377,-1.7352,-0.4827838,1.6128982,1.7068985,3.0234277
6.535881,-1.5933117,-1.7352,-0.48277187,1.6128772,1.7069057,3.02342
6.5438776,-1.5933908,-1.7351838,-0.48281375,1.6129028,1.7069649,3.0234234
6.5518436,-1.5933446,-1.7351671,-0.48276448,1.612918,1.7069603,3.0233865
6.55993,-1.5933651,-1.7351671,-0.48279735,1.6128937,1.7069587,3.0234027
6.567932,-1.5933651,-1.7351757,-0.48275998,1.6128846,1.7069222,3.0234363
6.575859,-1.593316,-1.7352282,-0.48279282,1.6128727,1.7069386,3.0234764
6.5839357,-1.5933489,-1.7352444,-0.4827838,1.6128727,1.7069105,3.0234363
6.5919504,-1.5933532,-1.7351958,-0.48280472,1.6128844,1.7069694,3.0234559
6.5998697,-1.5933818,-1.7351714,-0.48272702,1.6129102,1.7069649,3.023481
6.607871,-1.5933231,-1.735201,-0.48280475,1.6129574,1.7069649,3.023444
6.6158686,-1.5934228,-1.7351509,-0.48279282,1.6129009,1.7069057,3.0234482
6.6239405,-1.5934271,-1.7351958,-0.48279282,1.6129192,1.7069222,3.0234928
6.631995,-1.5933818,-1.7352129,-0.48279735,1.6128982,1.7069478,3.0234764
6.6398296,-1.5933989,-1.7351924,-0.48278087,1.6128937,1.7069649,3.0234525
6.647911,-1.5934013,-1.7351838,-0.48275092,1.6128443,1.7069268,3.023432
6.655897,-1.593377,-1.7351562,-0.4827809,1.6128818,1.7069557,3.0234408
6.663928,-1.5933727,-1.7351671,-0.48275995,1.6128443,1.7069075,3.0233738
6.6718454,-1.5933608,-1.7351509,-0.48278832,1.6129102,1.706894,3.023469
6.679984,-1.5934013,-1.7351967,-0.4828019,1.612918,1.7069739,3.023407
6.6880283,-1.5933851,-1.7352325,-0.48272702,1.6128908,1.7068893,3.0234308
6.6961555,-1.5933808,-1.7351629,-0.48280185,1.6129481,1.7069194,3.0233996
6.7040205,-1.593347,-1.7352163,-0.48276734,1.6129011,1.7069057,3.0234482
6.711912,-1.5934013,-1.7352325,-0.48272997,1.6128818,1.7069478,3.0234559
6.7198305,-1.5933517,-1.7352153,-0.48273447,1.6129192,1.706894,3.0234647
6.7278166,-1.5933517,-1.7351714,-0.48280475,1.6129056,1.7069649,3.023494
6.735794,-1.5933565,-1.7351924,-0.48275995,1.6129056,1.7069058,3.0234852
6.7438364,-1.5933808,-1.7351581,-0.48275098,1.6128846,1.7069314,3.023407
6.751832,-1.5933589,-1.7351476,-0.4827345,1.6128937,1.7069359,3.0234363
6.7599106,-1.593377,-1.7351838,-0.4827809,1.6128937,1.7069694,3.0234113
6.7678127,-1.5933636,-1.7351924,-0.48276734,1.6129056,1.7069433,3.0233996
6.775797,-1.5933517,-1.7352577,-0.48281667,1.612918,1.7069403,3.0234027
6.7838297,-1.593326,-1.7352163,-0.48275995,1.6129628,1.7069222,3.0234115
6.791833,-1.5934199,-1.7352206,-0.48277637,1.6128727,1.7069478,3.0234525
6.79984,-1.593418,-1.7351838,-0.48274803,1.6129524,1.7069603,3.0234525
6.8078566,-1.593376,-1.7352492,-0.48276448,1.6129299,1.7068894,3.02342
6.8158846,-1.5934438,-1.7352043,-0.48275548,1.6129361,1.7069222,3.0234644
6.8238344,-1.5934299,-1.7351791,-0.4827854,1.6129102,1.7069105,3.0234277
6.831833,-1.5933808,-1.7351924,-0.48276734,1.6129345,1.7069104,3.0234115
6.8398247,-1.5933851,-1.7352687,-0.48275253,1.6128982,1.7069693,3.0234158
6.847849,-1.5934299,-1.7351958,-0.48275995,1.6129102,1.7069603,3.023469
6.8558855,-1.593376,-1.7352091,-0.4828212,1.6128637,1.7069557,3.0234528
6.863882,-1.5933956,-1.7351924,-0.4828019,1.6129225,1.7069649,3.0234234
6.871869,-1.5934027,-1.7352539,-0.48278832,1.6129225,1.7069194,3.0234528
6.879877,-1.59346,-1.7352043,-0.48273447,1.6129144,1.7069222,3.0234363
