t,tip_x,tip_y,tip_z,target_x,target_y,target_z
0.0,0.13815047298897362,-0.654854842032665,0.0063979612151249185,0.0,2.0,1.5
0.0020000000000000018,0.13815048641757247,-0.6548641753688811,0.006397874453998051,0.0,2.0,1.5
0.0040000000000000036,0.13815049109454897,-0.6548551665128715,0.006397786576912701,0.0,2.0,1.5
0.006000000000000005,0.1381505009906428,-0.65486429989199,0.0063976973198579075,0.0,2.0,1.5
0.008000000000000007,0.1381504898486959,-0.6548558207215621,0.006397612039900044,0.0,2.0,1.5
0.010000000000000009,0.13815047868710204,-0.6548293103142436,0.006397527501301388,0.0,2.0,1.5
0.01200000000000001,0.13815050937875978,-0.6548661712088703,0.006397455744458455,0.0,2.0,1.5
0.014000000000000012,0.13815053071912137,-0.6548792388600393,0.00639738351121242,0.0,2.0,1.5
0.016000000000000014,0.1381506055953503,-0.6549839470506045,0.006397323434112091,0.0,2.0,1.5
0.018000000000000016,0.13815062384519358,-0.6549722157616209,0.0063972542428184015,0.0,2.0,1.5
0.020000000000000018,0.13815066858839878,-0.6550085894817715,0.006397193053338309,0.0,2.0,1.5
0.02200000000000002,0.1381506972420326,-0.6550076530880259,0.006397127958837252,0.0,2.0,1.5
0.02400000000000002,0.13815069492821722,-0.6549145394721487,0.006397059567962702,0.0,2.0,1.5
0.026000000000000023,0.13815073192760371,-0.6549147258120743,0.006397003500285722,0.0,2.0,1.5
0.028000000000000025,0.1381507705329381,-0.65493341556363,0.006396956139182662,0.0,2.0,1.5
0.030000000000000027,0.1381507921109909,-0.6549101580388341,0.006396911875201569,0.0,2.0,1.5
0.03200000000000003,0.13815082528327696,-0.6549311405573129,0.006396874052077668,0.0,2.0,1.5
0.03400000000000003,0.13815083250867968,-0.6548995090679287,0.006396837657085347,0.0,2.0,1.5
0.03600000000000003,0.13815084927069882,-0.6548534236330706,0.006396802621556307,0.0,2.0,1.5
0.038000000000000034,0.13815090772070124,-0.6548952771403789,0.006396777985734643,0.0,2.0,1.5
0.040000000000000036,0.1381509078003104,-0.6547980327979166,0.006396743805110237,0.0,2.0,1.5
0.04200000000000004,0.13815097490989725,-0.6548381616807886,0.006396721921205445,0.0,2.0,1.5
0.04400000000000004,0.1381510099123102,-0.6548188836135571,0.006396691465729487,0.0,2.0,1.5
0.04600000000000004,0.13815104167114498,-0.6547788289634914,0.006396660090133406,0.0,2.0,1.5
0.04800000000000004,0.13815108780556892,-0.6548044266121973,0.0063966286690816335,0.0,2.0,1.5
0.050000000000000044,0.138151083315513,-0.654713790624165,0.006396589561811728,0.0,2.0,1.5
0.052000000000000046,0.13815112394318785,-0.6547200260424955,0.0063965533749897755,0.0,2.0,1.5
0.05400000000000005,0.13815113651773753,-0.6546539273388885,0.006396512616517901,0.0,2.0,1.5
0.05600000000000005,0.13815117040299388,-0.6546055323588461,0.006396468836805788,0.0,2.0,1.5
0.05800000000000005,0.13815119185292893,-0.6545021406948116,0.006396422621840054,0.0,2.0,1.5
0.06000000000000005,0.13815122402595614,-0.6543960869839448,0.006396372507617107,0.0,2.0,1.5
0.062000000000000055,0.13815121239409917,-0.6541682229387984,0.006396317002508124,0.0,2.0,1.5
0.06400000000000006,0.13815117754309772,-0.6538695332826485,0.006396255573587225,0.0,2.0,1.5
0.06600000000000006,0.13815106731928908,-0.6534018004532985,0.006396190623198481,0.0,2.0,1.5
0.06800000000000006,0.1381508689186711,-0.6527477661980275,0.006396120097725024,0.0,2.0,1.5
0.07000000000000006,0.13815053091132182,-0.6518216563074828,0.00639604878913733,0.0,2.0,1.5
0.07200000000000006,0.13814999234762884,-0.6505289608439924,0.006395971630885092,0.0,2.0,1.5
0.07400000000000007,0.13814919197452905,-0.6487912557254885,0.0063958942461411995,0.0,2.0,1.5
0.07600000000000007,0.13814810401248415,-0.6466159197805867,0.006395819316176992,0.0,2.0,1.5
0.07800000000000007,0.13814666715580715,-0.6439492662500357,0.006395749762690514,0.0,2.0,1.5
0.08000000000000007,0.13814482628321553,-0.6407639090816375,0.006395671898862312,0.0,2.0,1.5
0.08200000000000007,0.1381424957608464,-0.6369914232371615,0.006395581597032589,0.0,2.0,1.5
0.08400000000000007,0.13813962869261212,-0.6326476117434973,0.006395489127161768,0.0,2.0,1.5
0.08600000000000008,0.1381361506029703,-0.6277063833001715,0.006395378144531218,0.0,2.0,1.5
0.08800000000000008,0.13813196557896115,-0.6221184360241845,0.006395222578611549,0.0,2.0,1.5
0.09000000000000008,0.138127003618836,-0.6158791096931681,0.0063950244623409485,0.0,2.0,1.5
0.09200000000000008,0.13812119769549389,-0.6089844451100866,0.006394805535935779,0.0,2.0,1.5
0.09400000000000008,0.13811446345164058,-0.6013975528693325,0.006394678585891388,0.0,2.0,1.5
0.09600000000000009,0.13810674866404019,-0.593108241910355,0.006394607336708733,0.0,2.0,1.5
0.09800000000000009,0.13809804641341705,-0.5841293717005794,0.0063941366414619625,0.0,2.0,1.5
0.10000000000000009,0.13808832863035678,-0.574411521801768,0.006392260218986635,0.0,2.0,1.5
0.10200000000000009,0.13807769033467573,-0.5639821739413174,0.00638796170501698,0.0,2.0,1.5
0.10400000000000009,0.13806622841605837,-0.5528053358054881,0.006382080238232147,0.0,2.0,1.5
0.1060000000000001,0.13805418572581246,-0.5408855607079652,0.006378994504304517,0.0,2.0,1.5
0.1080000000000001,0.13804191922223222,-0.5282265827560214,0.00638588335617405,0.0,2.0,1.5
0.1100000000000001,0.138029957375187,-0.5148657311522158,0.006406594195246357,0.0,2.0,1.5
0.1120000000000001,0.13801900711333806,-0.5008905597073642,0.006437968501274225,0.0,2.0,1.5
0.1140000000000001,0.13800987174100626,-0.4864172697897134,0.00646363467439014,0.0,2.0,1.5
0.1160000000000001,0.13800340224507054,-0.471388432489432,0.006463955012096553,0.0,2.0,1.5
0.1180000000000001,0.13800074193452558,-0.45570855629893464,0.006416911500265085,0.0,2.0,1.5
0.1200000000000001,0.1380033125933787,-0.4394051962977538,0.0063089039572039995,0.0,2.0,1.5
0.12200000000000011,0.13801263108672163,-0.4225402844746529,0.006122047697600351,0.0,2.0,1.5
0.12400000000000011,0.13803038814849486,-0.4051187711343931,0.005913991206462947,0.0,2.0,1.5
0.1260000000000001,0.1380586108421191,-0.38709958737569355,0.005772478171069499,0.0,2.0,1.5
0.1280000000000001,0.1380988987600027,-0.36857051378730155,0.005739437298052498,0.0,2.0,1.5
0.13000000000000012,0.1381514753550727,-0.34975019296462073,0.005848158425814953,0.0,2.0,1.5
0.13200000000000012,0.13822220285491918,-0.3300836319670236,0.006198176846014214,0.0,2.0,1.5
0.13400000000000012,0.1383118748365441,-0.3098030885827348,0.006858567416437237,0.0,2.0,1.5
0.13600000000000012,0.13842089938617813,-0.2890668240608855,0.007896917617346682,0.0,2.0,1.5
0.13800000000000012,0.1385501262312577,-0.2678898723986613,0.009388606389078024,0.0,2.0,1.5
0.14000000000000012,0.13870032447838132,-0.24627243973297777,0.011418321077825325,0.0,2.0,1.5
0.14200000000000013,0.13887246135994377,-0.22418984193746525,0.014089591105621491,0.0,2.0,1.5
0.14400000000000013,0.1390605506108906,-0.20195064378433053,0.017360393804704645,0.0,2.0,1.5
0.14600000000000013,0.13925118402542336,-0.18010655019116353,0.020945874103414145,0.0,2.0,1.5
0.14800000000000013,0.13946160360929719,-0.1577865459478022,0.025324505044766844,0.0,2.0,1.5
0.15000000000000013,0.13968043896549773,-0.13542765577058732,0.030288246468153462,0.0,2.0,1.5
0.15200000000000014,0.1398939761353373,-0.11350934647429164,0.03544611014111033,0.0,2.0,1.5
0.15400000000000014,0.14008925001484474,-0.09245744780406408,0.040217202081669595,0.0,2.0,1.5
0.15600000000000014,0.14025853904686064,-0.07251278732813189,0.044038510695913406,0.0,2.0,1.5
0.15800000000000014,0.14047846018811916,-0.05081017563125271,0.04983133399754428,0.0,2.0,1.5
0.16000000000000014,0.14069010809611313,-0.02948818171515455,0.05564882167048089,0.0,2.0,1.5
0.16200000000000014,0.14088020463214687,-0.0090012771144186,0.06086546410293944,0.0,2.0,1.5
0.16400000000000015,0.14107572077250077,0.01162249300058253,0.06659890460074094,0.0,2.0,1.5
0.16600000000000015,0.14125780300652716,0.031712281186281575,0.07179292126295776,0.0,2.0,1.5
0.16800000000000015,0.141450056350044,0.05216588169211811,0.07782413278731197,0.0,2.0,1.5
0.17000000000000015,0.14164504770776806,0.07282072979049306,0.08463718057190199,0.0,2.0,1.5
0.17200000000000015,0.14182238569991037,0.09294685990958644,0.09090492451084824,0.0,2.0,1.5
0.17400000000000015,0.14199344189985516,0.11298299551098312,0.09732909586133139,0.0,2.0,1.5
0.17600000000000016,0.14215930550661976,0.13299863242127605,0.10398892459207174,0.0,2.0,1.5
0.17800000000000016,0.1423220607098388,0.1532484177743862,0.11148333999082974,0.0,2.0,1.5
0.18000000000000016,0.142472333607829,0.17333619887636667,0.11887843990608984,0.0,2.0,1.5
0.18200000000000016,0.142610435557741,0.19307415261378041,0.1255726670836078,0.0,2.0,1.5
0.18400000000000016,0.1427427436834501,0.21282145166908867,0.13238782645730668,0.0,2.0,1.5
0.18600000000000017,0.14286933269510096,0.2326098882573806,0.13936607480459778,0.0,2.0,1.5
0.18800000000000017,0.14298981079901216,0.2523380306052168,0.14620268628671595,0.0,2.0,1.5
0.19000000000000017,0.143101061869217,0.27239498736032536,0.15393480601812393,0.0,2.0,1.5
0.19200000000000017,0.14320586232435337,0.29221218071162564,0.16096858142903375,0.0,2.0,1.5
0.19400000000000017,0.14330956456960353,0.3117627082598568,0.16722502428575559,0.0,2.0,1.5
0.19600000000000017,0.14340684328913111,0.3315558769262514,0.17409260199671026,0.0,2.0,1.5
0.19800000000000018,0.14349823138118345,0.35142648582982156,0.18108802789524983,0.0,2.0,1.5
0.20000000000000018,0.1435821529658285,0.3713773949205292,0.1881876629975904,0.0,2.0,1.5
0.20200000000000018,0.14365924842094002,0.3913740473709291,0.19527736991002928,0.0,2.0,1.5
0.20400000000000018,0.14374427364422143,0.4109774337668867,0.2012628629398675,0.0,2.0,1.5
0.20600000000000018,0.1438226992937094,0.430777000325524,0.20769027627364436,0.0,2.0,1.5
0.20800000000000018,0.1438866153315136,0.4509417444301444,0.21491620554498383,0.0,2.0,1.5
0.2100000000000002,0.14395262296811162,0.470913720263899,0.22152519786698457,0.0,2.0,1.5
0.2120000000000002,0.1440168379205435,0.49085433572172726,0.22794297133092276,0.0,2.0,1.5
0.2140000000000002,0.14408573542561467,0.5106316053263926,0.2339013165933126,0.0,2.0,1.5
0.2160000000000002,0.14414886894314138,0.5305429731699762,0.24011270798519943,0.0,2.0,1.5
0.2180000000000002,0.14419278021903612,0.5508761041373403,0.24715324721341403,0.0,2.0,1.5
0.2200000000000002,0.1442499997360884,0.5708151194709301,0.2531910217168232,0.0,2.0,1.5
0.2220000000000002,0.14430963002339783,0.5906716103235139,0.2589832583664885,0.0,2.0,1.5
0.2240000000000002,0.14436474872800034,0.610618908244331,0.2649187608759439,0.0,2.0,1.5
0.2260000000000002,0.14441040190696397,0.6307500516696601,0.2711563426974974,0.0,2.0,1.5
0.2280000000000002,0.14444216171958746,0.6511330683221314,0.27777356141467013,0.0,2.0,1.5
0.2300000000000002,0.1445024178818826,0.670871482459694,0.2830225852825195,0.0,2.0,1.5
0.2320000000000002,0.14455591150091676,0.6907508889205671,0.2885248077307312,0.0,2.0,1.5
0.2340000000000002,0.1445902727334153,0.711011685969831,0.29470233630163173,0.0,2.0,1.5
0.2360000000000002,0.14462577890187958,0.7312104568525633,0.30065556269392124,0.0,2.0,1.5
0.2380000000000002,0.1446644194865501,0.7513133001714329,0.30633519631930634,0.0,2.0,1.5
0.2400000000000002,0.14472340829624464,0.7710013923358068,0.3112258745379063,0.0,2.0,1.5
0.24200000000000021,0.1447547018155474,0.7912292197041604,0.31705668447983765,0.0,2.0,1.5
0.24400000000000022,0.14477784617123138,0.8115854029529573,0.3230207543753383,0.0,2.0,1.5
0.24600000000000022,0.14482191758990737,0.831511361373482,0.32815623010694484,0.0,2.0,1.5
0.24800000000000022,0.1448650723353758,0.8514432001847566,0.3332629287271631,0.0,2.0,1.5
0.2500000000000002,0.14490563038239837,0.8714156343802664,0.33840985347913793,0.0,2.0,1.5
0.2520000000000002,0.1449143017711866,0.8919597408736765,0.3444265448623282,0.0,2.0,1.5
0.2540000000000002,0.14495587187193348,0.9118678616596005,0.34932125199634745,0.0,2.0,1.5
0.2560000000000002,0.14500267153035443,0.9316716235314341,0.35402165925250423,0.0,2.0,1.5
0.25800000000000023,0.14502876260849662,0.9518430962694104,0.3592767090421601,0.0,2.0,1.5
0.26000000000000023,0.14504490539956924,0.9721705413521726,0.3647026171861711,0.0,2.0,1.5
0.26200000000000023,0.1450712484842853,0.9922899329396551,0.3697268444144482,0.0,2.0,1.5
0.26400000000000023,0.1451268928323015,1.0118800350428647,0.37391912376887304,0.0,2.0,1.5
0.26600000000000024,0.14513909898136138,1.0322295900083305,0.3792335313321277,0.0,2.0,1.5
0.26800000000000024,0.14515617163179292,1.05247037597899,0.3843142080469792,0.0,2.0,1.5
0.27000000000000024,0.14518490558586739,1.0724867748201854,0.388998992991468,0.0,2.0,1.5
0.27200000000000024,0.14523246028631653,1.0921685044392517,0.3931701728051524,0.0,2.0,1.5
0.27400000000000024,0.14524098999127572,1.1125109309228793,0.39826303931305973,0.0,2.0,1.5
0.27600000000000025,0.1452521563138133,1.1327853756923016,0.40318996487076053,0.0,2.0,1.5
0.27800000000000025,0.14529218695211052,1.152553089871279,0.4073535014156711,0.0,2.0,1.5
0.28000000000000025,0.14532693984748316,1.1724024199167429,0.4116095624228921,0.0,2.0,1.5
0.28200000000000025,0.145335104665933,1.1926845920332585,0.4164261048227517,0.0,2.0,1.5
0.28400000000000025,0.1453452479483638,1.212911235443114,0.42110093162926093,0.0,2.0,1.5
0.28600000000000025,0.14539714814880003,1.2324331829494906,0.4247860621196119,0.0,2.0,1.5
0.28800000000000026,0.1454151828592997,1.2525075216210124,0.4291957023288292,0.0,2.0,1.5
0.29000000000000026,0.14542318540077243,1.2727296983664083,0.4337566103989151,0.0,2.0,1.5
0.29200000000000026,0.14544404129426913,1.2927216743241634,0.43795612902412995,0.0,2.0,1.5
0.29400000000000026,0.14549829855079494,1.3121634870728929,0.44141218216677824,0.0,2.0,1.5
0.29600000000000026,0.14550125113338863,1.3324266701193614,0.44591664950507287,0.0,2.0,1.5
0.29800000000000026,0.14551570589071386,1.3524852179786433,0.4501050149369305,0.0,2.0,1.5
0.30000000000000027,0.14555318479791887,1.3721600252970292,0.4537587759808531,0.0,2.0,1.5
0.30200000000000027,0.14559572249576547,1.3917488478950668,0.45728710720338833,0.0,2.0,1.5
0.30400000000000027,0.1455898495682723,1.412092492106585,0.46174034878571574,0.0,2.0,1.5
0.30600000000000027,0.14562275813530973,1.431805458317595,0.46535106629127293,0.0,2.0,1.5
0.3080000000000003,0.14567016813357456,1.4512819368350633,0.4686402875059601,0.0,2.0,1.5
0.3100000000000003,0.14569510204421746,1.471103741054631,0.4723432215581157,0.0,2.0,1.5
0.3120000000000003,0.14570346681421253,1.491167477224171,0.4763074927685376,0.0,2.0,1.5
0.3140000000000003,0.14576092474263513,1.5104588630602798,0.47928797344721097,0.0,2.0,1.5
0.3160000000000003,0.14581060663008089,1.5298676941723772,0.48240161897543626,0.0,2.0,1.5
0.3180000000000003,0.1458196965970181,1.549890338099101,0.48624312302170547,0.0,2.0,1.5
0.3200000000000003,0.14587360180157494,1.56921345196508,0.4891980550048733,0.0,2.0,1.5
0.3220000000000003,0.14593558418484134,1.5884098266276996,0.49198507147412923,0.0,2.0,1.5
0.3240000000000003,0.14597791737367616,1.607901510266242,0.49511871478528774,0.0,2.0,1.5
0.3260000000000003,0.14601973917899122,1.6273897599929872,0.49822225563804634,0.0,2.0,1.5
0.3280000000000003,0.14611716398379349,1.6460382388575325,0.5003009723220102,0.0,2.0,1.5
0.3300000000000003,0.14618947977025287,1.6650703024619944,0.5028448047250142,0.0,2.0,1.5
0.3320000000000003,0.14625045725109595,1.684270609483088,0.5055829260807295,0.0,2.0,1.5
0.3340000000000003,0.14636171208624665,1.7027182204725244,0.5074038721955221,0.0,2.0,1.5
0.3360000000000003,0.14645236675682313,1.7214804207109322,0.5096075968221201,0.0,2.0,1.5
0.3380000000000003,0.14652922063010212,1.7404480005872016,0.5120535144713313,0.0,2.0,1.5
0.3400000000000003,0.1466540420257773,1.7587018829570085,0.5136268759196883,0.0,2.0,1.5
0.3420000000000003,0.14676163783557686,1.7772188675467315,0.5155210609441095,0.0,2.0,1.5
0.3440000000000003,0.14685100665567358,1.7960061760486454,0.5177378896079393,0.0,2.0,1.5
0.3460000000000003,0.14697763047702575,1.8142401529419665,0.5192712260367053,0.0,2.0,1.5
0.3480000000000003,0.14709588322880546,1.8326017379549084,0.5209567448034563,0.0,2.0,1.5
0.3500000000000003,0.14718145813419953,1.8514393915270242,0.5232124607680857,0.0,2.0,1.5
0.3520000000000003,0.1473032088602284,1.8697376780204866,0.5247936646919329,0.0,2.0,1.5
0.3540000000000003,0.14740675029213474,1.8882958272266261,0.5266795849080812,0.0,2.0,1.5
0.3560000000000003,0.14748886244792114,1.907150645166077,0.5289093087313188,0.0,2.0,1.5
0.3580000000000003,0.1476029315163411,1.9255275693498073,0.5305336155386774,0.0,2.0,1.5
0.3600000000000003,0.14767669815914117,1.9444657043435214,0.5328236549354517,0.0,2.0,1.5
0.3620000000000003,0.1477543745934294,1.9633207199044298,0.534985613256365,0.0,2.0,1.5
0.3640000000000003,0.14782985679731103,1.9821769081054594,0.5371216296967491,0.0,2.0,1.5
0.3660000000000003,0.1478663346917665,2.001539746116142,0.53984554836511,0.0,2.0,1.5
0.3680000000000003,0.14791077942620115,2.0207421292540797,0.5423389944718677,0.0,2.0,1.5
0.37000000000000033,0.14791088174004038,2.040489182726019,0.5454587237853444,0.0,2.0,1.5
0.37200000000000033,0.14789533211468783,2.0603683404860496,0.5486981373306425,0.0,2.0,1.5
0.37400000000000033,0.1478318405573782,2.0807799064159576,0.5525396975141857,0.0,2.0,1.5
0.37600000000000033,0.14772921075282353,2.101569495566143,0.5567938481976521,0.0,2.0,1.5
0.37800000000000034,0.14756672273974936,2.122949526787979,0.5617183613313489,0.0,2.0,1.5
0.38000000000000034,0.14734127668610827,2.1448928251018526,0.5672889757519176,0.0,2.0,1.5
0.38200000000000034,0.14703656379734434,2.1675112535927337,0.5736635686253769,0.0,2.0,1.5
0.38400000000000034,0.14663839579952978,2.1908574935526177,0.5809556934679866,0.0,2.0,1.5
0.38600000000000034,0.14612796924480623,2.214989394757519,0.5893346644143209,0.0,2.0,1.5
0.38800000000000034,0.14548494863027558,2.2399146673714587,0.598994479814192,0.0,2.0,1.5
0.39000000000000035,0.14468328514142226,2.265596148148041,0.6102209019916641,0.0,2.0,1.5
0.39200000000000035,0.14369193176823997,2.2918867106706107,0.6234036521642651,0.0,2.0,1.5
0.39400000000000035,0.14247798029934933,2.318432506581716,0.6390298930980568,0.0,2.0,1.5
0.39600000000000035,0.14100921709699596,2.344578548367667,0.6576820057493203,0.0,2.0,1.5
0.39800000000000035,0.13925769692692247,2.369259339446971,0.6800104370339507,0.0,2.0,1.5
0.40000000000000036,0.13721666219976483,2.390844687758999,0.706538960782875,0.0,2.0,1.5
0.40200000000000036,0.13494052606409146,2.4071171189651825,0.73714812408505,0.0,2.0,1.5
0.40400000000000036,0.13258281086946658,2.415772987313286,0.770449540402515,0.0,2.0,1.5
0.40600000000000036,0.1303781143435006,2.415393440203619,0.8037422838714026,0.0,2.0,1.5
0.40800000000000036,0.12855992018864415,2.4065886625824806,0.8337818002178664,0.0,2.0,1.5
0.41000000000000036,0.12700089551229954,2.3981920530569165,0.8603007574065831,0.0,2.0,1.5
0.41200000000000037,0.12556059995553556,2.392069318848494,0.8847289975806883,0.0,2.0,1.5
0.41400000000000037,0.12435013059499346,2.3859291811563117,0.9060657840375046,0.0,2.0,1.5
0.41600000000000037,0.12322976589104924,2.3808541584838565,0.9259451004701287,0.0,2.0,1.5
0.41800000000000037,0.12215994782524829,2.376687326899374,0.9449390204999689,0.0,2.0,1.5
0.4200000000000004,0.12112507570135707,2.3732334254836993,0.963314984383116,0.0,2.0,1.5
0.4220000000000004,0.12011763926845387,2.3703060057264675,0.9812336847390959,0.0,2.0,1.5
0.4240000000000004,0.11912029944770561,2.3678005313373047,0.9989612004436309,0.0,2.0,1.5
0.4260000000000004,0.11816815551175622,2.365508447374141,1.0161064082424738,0.0,2.0,1.5
0.4280000000000004,0.11730329755685058,2.3631777399074445,1.0322370533670302,0.0,2.0,1.5
0.4300000000000004,0.1164450706694691,2.360831503978315,1.0484039311300615,0.0,2.0,1.5
0.4320000000000004,0.11562945877180263,2.3583306352528504,1.0641986575369373,0.0,2.0,1.5
0.4340000000000004,0.11482744672008284,2.3557247859533295,1.0799585457101337,0.0,2.0,1.5
0.4360000000000004,0.11404918736595158,2.3529844195353546,1.0955574788170268,0.0,2.0,1.5
0.4380000000000004,0.11330374236349289,2.350072459530555,1.110891793431068,0.0,2.0,1.5
0.4400000000000004,0.11257774497065923,2.3470205200514593,1.1260998841480345,0.0,2.0,1.5
0.4420000000000004,0.11190658426484146,2.343680169764098,1.1408162939810895,0.0,2.0,1.5
0.4440000000000004,0.11128668383192478,2.3400157786630205,1.155092859944471,0.0,2.0,1.5
0.4460000000000004,0.11071610580880344,2.335988172435406,1.1689584519688212,0.0,2.0,1.5
0.4480000000000004,0.1102289996615977,2.3313896998793195,1.1820848316029096,0.0,2.0,1.5
0.4500000000000004,0.10978151166496897,2.3263549001618946,1.1948975421381058,0.0,2.0,1.5
0.4520000000000004,0.10937404032830997,2.320849997215187,1.2073741569641716,0.0,2.0,1.5
0.4540000000000004,0.10900437439731321,2.314852817732549,1.2195133905998605,0.0,2.0,1.5
0.4560000000000004,0.10867633602556839,2.308302488800458,1.2312552379339265,0.0,2.0,1.5
0.4580000000000004,0.10839720435596738,2.3010985432732234,1.2425048070082776,0.0,2.0,1.5
0.4600000000000004,0.10812873070837263,2.2934661082478005,1.2535853921775666,0.0,2.0,1.5
0.4620000000000004,0.10787937137991346,2.285324299727051,1.2643921593146417,0.0,2.0,1.5
0.4640000000000004,0.10765221140591105,2.2766238042032763,1.2748680745064198,0.0,2.0,1.5
0.4660000000000004,0.10742474387603981,2.2675474767849337,1.28520214481804,0.0,2.0,1.5
0.4680000000000004,0.10720352057803298,2.2580338349126494,1.2953119252397427,0.0,2.0,1.5
0.4700000000000004,0.10698500032504484,2.2481201047084,1.305214961718128,0.0,2.0,1.5
0.4720000000000004,0.10677159490477493,2.2377807829204075,1.3148694317018352,0.0,2.0,1.5
0.4740000000000004,0.1065633662036203,2.2270146690291255,1.3242570746118918,0.0,2.0,1.5
0.4760000000000004,0.10633627559939386,2.216153579476534,1.3336402460530952,0.0,2.0,1.5
0.4780000000000004,0.10609810215900241,2.205142760970944,1.3429432890866464,0.0,2.0,1.5
0.4800000000000004,0.10586877715672975,2.1937272998371475,1.3519311109407761,0.0,2.0,1.5
0.48200000000000043,0.10564416079761049,2.1819784344703175,1.3606421554085253,0.0,2.0,1.5
0.48400000000000043,0.10541063940167797,2.170135471534985,1.3692509699135371,0.0,2.0,1.5
0.48600000000000043,0.10517000153197685,2.158209159852809,1.37774815967532,0.0,2.0,1.5
0.48800000000000043,0.10492979099909129,2.146108130870764,1.386042080499931,0.0,2.0,1.5
0.49000000000000044,0.10467259423960326,2.1341769169797797,1.3944031875280407,0.0,2.0,1.5
0.49200000000000044,0.10442830320597346,2.1219035271694127,1.402396491513453,0.0,2.0,1.5
0.49400000000000044,0.10417535061758562,2.109708821166363,1.4103597280464732,0.0,2.0,1.5
0.49600000000000044,0.10393305983372837,2.0972501777703356,1.4179884890210515,0.0,2.0,1.5
0.49800000000000044,0.10368868168198177,2.0847882566038676,1.4254930019650671,0.0,2.0,1.5
0.5000000000000004,0.10344084136404058,2.072368467425625,1.432908442714473,0.0,2.0,1.5
0.5020000000000004,0.10318482107985966,2.0600971118884672,1.440335094869006,0.0,2.0,1.5
0.5040000000000004,0.10294708817136566,2.047476993312903,1.4473069188821062,0.0,2.0,1.5
0.5060000000000004,0.10270679109832039,2.034924760250635,1.4541960164682444,0.0,2.0,1.5
0.5080000000000005,0.10247913007039658,2.0221618819679246,1.4607194471353226,0.0,2.0,1.5
0.5100000000000005,0.10224683721300991,2.0095290320842025,1.4672063018427628,0.0,2.0,1.5
0.5120000000000005,0.10201602048791211,1.9969162934338434,1.473549059021543,0.0,2.0,1.5
0.5140000000000005,0.10178963645291175,1.9842750557316255,1.4796946396483674,0.0,2.0,1.5
0.5160000000000005,0.10157274592566068,1.9715228109286218,1.4855414389511885,0.0,2.0,1.5
0.5180000000000005,0.1013619938247666,1.9587343541078337,1.4911536088473207,0.0,2.0,1.5
0.5200000000000005,0.10115392933760069,1.9459796459477536,1.4966032906915379,0.0,2.0,1.5
0.5220000000000005,0.10094560706355697,1.9333108260826897,1.5019585849149606,0.0,2.0,1.5
0.5240000000000005,0.10074010715342717,1.9206741228739286,1.5071607689220805,0.0,2.0,1.5
0.5260000000000005,0.1005424545403295,1.9079915173590498,1.5121026043414056,0.0,2.0,1.5
0.5280000000000005,0.10035435011186478,1.8952475557118713,1.5167439509453406,0.0,2.0,1.5
0.5300000000000005,0.10017028433290831,1.882540583836821,1.5212038735579883,0.0,2.0,1.5
0.5320000000000005,0.09997981324076843,1.870025222584226,1.5257217282473219,0.0,2.0,1.5
0.5340000000000005,0.09980334605930079,1.857394877316925,1.5298413241986268,0.0,2.0,1.5
0.5360000000000005,0.09962322547315937,1.8449110024656687,1.533964186800546,0.0,2.0,1.5
0.5380000000000005,0.09945853970764161,1.8323110416183086,1.537651764966099,0.0,2.0,1.5
0.5400000000000005,0.09929870626102827,1.81975453882561,1.5411443921422805,0.0,2.0,1.5
0.5420000000000005,0.09913326179081665,1.8073732471150565,1.544690311610309,0.0,2.0,1.5
0.5440000000000005,0.09897656315482455,1.7949793218764685,1.547955513744608,0.0,2.0,1.5
0.5460000000000005,0.09882280403523297,1.7826481580706846,1.5510772505348243,0.0,2.0,1.5
0.5480000000000005,0.09867632925452856,1.770333205810724,1.5539511847723197,0.0,2.0,1.5
0.5500000000000005,0.09853931706457993,1.7580207702269832,1.5565220585816328,0.0,2.0,1.5
0.5520000000000005,0.0983992572706325,1.7458472579491273,1.5590931870372802,0.0,2.0,1.5
0.5540000000000005,0.09826134299774096,1.7337496286573717,1.5615418255491265,0.0,2.0,1.5
0.5560000000000005,0.09813147877544176,1.7216717199429323,1.563723007196243,0.0,2.0,1.5
0.5580000000000005,0.09800334879524351,1.7096768900332195,1.5657917755824993,0.0,2.0,1.5
0.5600000000000005,0.09788518646192512,1.6976983776117587,1.567541815471435,0.0,2.0,1.5
0.5620000000000005,0.09776781951078543,1.6858181778818804,1.569201175892128,0.0,2.0,1.5
0.5640000000000005,0.0976474045216325,1.6740581625671853,1.5708693905143418,0.0,2.0,1.5
0.5660000000000005,0.09753658977834868,1.662322313828685,1.5722270846531774,0.0,2.0,1.5
0.5680000000000005,0.09742814437216,1.6506672835914706,1.5734563934064312,0.0,2.0,1.5
0.5700000000000005,0.09732244263118235,1.6390914053541756,1.5745474672550785,0.0,2.0,1.5
0.5720000000000005,0.0972272004315338,1.627556799930639,1.5752989389682877,0.0,2.0,1.5
0.5740000000000005,0.09712353614831001,1.6161642332010782,1.5762007553102506,0.0,2.0,1.5
0.5760000000000005,0.09702691923573353,1.6048279278893438,1.5768522501905877,0.0,2.0,1.5
0.5780000000000005,0.09693640931027056,1.5935591745676885,1.577275699495781,0.0,2.0,1.5
0.5800000000000005,0.09684496203975163,1.582388155323536,1.577656025207345,0.0,2.0,1.5
0.5820000000000005,0.09676370515267879,1.5712804610695714,1.577696410743001,0.0,2.0,1.5
0.5840000000000005,0.09667821696933868,1.5602823020678318,1.5777804937609632,0.0,2.0,1.5
0.5860000000000005,0.09659319558223321,1.549372900616458,1.5777847974354962,0.0,2.0,1.5
0.5880000000000005,0.09651449830465017,1.5385396773757003,1.5775512034097963,0.0,2.0,1.5
0.5900000000000005,0.09643751071842067,1.5277961391642105,1.5772027115950313,0.0,2.0,1.5
0.5920000000000005,0.09636297545376052,1.5171424486766507,1.5767185259037693,0.0,2.0,1.5
0.5940000000000005,0.09629390703849736,1.5065814966908877,1.5760141654569138,0.0,2.0,1.5
0.5960000000000005,0.09621740889691395,1.4961103997605414,1.57544696530367,0.0,2.0,1.5
0.5980000000000005,0.09614845453997278,1.4857280448490635,1.5746031274930226,0.0,2.0,1.5
0.6000000000000005,0.09608117650239084,1.4754360691653234,1.573644224807101,0.0,2.0,1.5
0.6020000000000005,0.09601513582992648,1.4652362265848138,1.5725817395173391,0.0,2.0,1.5
0.6040000000000005,0.0959539319320598,1.4551384933135956,1.571312809163677,0.0,2.0,1.5
0.6060000000000005,0.0958903030244152,1.4451268394333732,1.5700435116261788,0.0,2.0,1.5
0.6080000000000005,0.09582568585541239,1.4351979665951655,1.5687352319115258,0.0,2.0,1.5
0.6100000000000005,0.09576752165095381,1.4253777897812812,1.5671737187769215,0.0,2.0,1.5
0.6120000000000005,0.09570912133284949,1.415647594633653,1.5655502559311565,0.0,2.0,1.5
0.6140000000000005,0.09565319078337366,1.406020152459479,1.563785982825872,0.0,2.0,1.5
0.6160000000000005,0.0955995638348614,1.3964981107075987,1.5618848725881878,0.0,2.0,1.5
0.6180000000000005,0.09554163756582847,1.3870416949523394,1.5600428670156299,0.0,2.0,1.5
0.6200000000000006,0.09548745575436181,1.3776936939439843,1.5580237309746265,0.0,2.0,1.5
0.6220000000000006,0.09543617710508337,1.3684545576437406,1.5558510268037509,0.0,2.0,1.5
0.6240000000000006,0.09538456458638148,1.3593049554308,1.5536210667278303,0.0,2.0,1.5
0.6260000000000006,0.09533519472475302,1.3502649394655906,1.5512565760553128,0.0,2.0,1.5
0.6280000000000006,0.09528530078498336,1.3413127587249278,1.5488416947791959,0.0,2.0,1.5
0.6300000000000006,0.09523249015895326,1.3324205790699595,1.5464519742119303,0.0,2.0,1.5
0.6320000000000006,0.09518471130892975,1.323661408354723,1.5438447622491658,0.0,2.0,1.5
0.6340000000000006,0.09513675783972586,1.3149899837375196,1.5411793649860253,0.0,2.0,1.5
0.6360000000000006,0.09508932964467534,1.3064140802835122,1.5384347006413446,0.0,2.0,1.5
0.6380000000000006,0.09504296166801227,1.2979398165414155,1.535594856564136,0.0,2.0,1.5
0.6400000000000006,0.09499459349667776,1.2895291793496784,1.5327570296041613,0.0,2.0,1.5
0.6420000000000006,0.09494565471927031,1.2811932036543743,1.5298787417432178,0.0,2.0,1.5
0.6440000000000006,0.0949010015719657,1.272997255196139,1.5268067254325814,0.0,2.0,1.5
0.6460000000000006,0.0948548910747938,1.2648687624707837,1.5237230297443982,0.0,2.0,1.5
0.6480000000000006,0.09481004480355099,1.2568452921495759,1.5205420290044829,0.0,2.0,1.5
0.6500000000000006,0.09476500560362504,1.2489051901155859,1.5173114435569452,0.0,2.0,1.5
0.6520000000000006,0.09471826293735801,1.241021406457414,1.5140816395635122,0.0,2.0,1.5
0.6540000000000006,0.09467261990403865,1.2332347976912046,1.5107639655654017,0.0,2.0,1.5
0.6560000000000006,0.09462988961122384,1.2255805475418917,1.5072998581727581,0.0,2.0,1.5
0.6580000000000006,0.09458574566152556,1.2179870612475887,1.5038304680771413,0.0,2.0,1.5
0.6600000000000006,0.0945427662827648,1.2104989450524601,1.5002731703264247,0.0,2.0,1.5
0.6620000000000006,0.09449920859979381,1.2030830092532088,1.496686268343709,0.0,2.0,1.5
0.6640000000000006,0.09445425701000273,1.1957186786366576,1.4930983231288162,0.0,2.0,1.5
0.6660000000000006,0.09441114055685085,1.188468272015994,1.4894046703839583,0.0,2.0,1.5
0.6680000000000006,0.09436975823536645,1.1813346394610578,1.4856093419252874,0.0,2.0,1.5
0.6700000000000006,0.0943269769141859,1.174251951858369,1.4818168463942518,0.0,2.0,1.5
0.6720000000000006,0.09428508178545568,1.1672676097925374,1.4779531909910408,0.0,2.0,1.5
0.6740000000000006,0.09424231687973426,1.1603398395649789,1.474077869914086,0.0,2.0,1.5
0.6760000000000006,0.09419862020012144,1.1534621206262679,1.4701944117291315,0.0,2.0,1.5
0.6780000000000006,0.09415681252655446,1.1467010726536937,1.466210681097086,0.0,2.0,1.5
0.6800000000000006,0.09411593186355811,1.1400369765728013,1.4621597361220342,0.0,2.0,1.5
0.6820000000000006,0.09407382216652467,1.133414414308457,1.4581142240134333,0.0,2.0,1.5
0.6840000000000006,0.09403229856404964,1.1268772228321553,1.4540152911319,0.0,2.0,1.5
0.6860000000000006,0.0939900570232282,1.1203881904983493,1.4499072385619363,0.0,2.0,1.5
0.6880000000000006,0.09394728215894982,1.1139481438266414,1.4457849546389676,0.0,2.0,1.5
0.6900000000000006,0.0939064227838891,1.107625746697342,1.4415689035344257,0.0,2.0,1.5
0.6920000000000006,0.09386618792256841,1.1013876602228136,1.4373030962458413,0.0,2.0,1.5
0.6940000000000006,0.09382495993884643,1.0951851211163766,1.4330417116739198,0.0,2.0,1.5
0.6960000000000006,0.09378421873385533,1.0890593935674109,1.4287371481747706,0.0,2.0,1.5
0.6980000000000006,0.09374307267383551,1.0829808899895907,1.4244194002587518,0.0,2.0,1.5
0.7000000000000006,0.09370169602480449,1.0769520997242976,1.4200834808492562,0.0,2.0,1.5
0.7020000000000006,0.09366209634532191,1.0710375144429485,1.4156655680265229,0.0,2.0,1.5
0.7040000000000006,0.0936228721422421,1.0651943126480754,1.4112125971094482,0.0,2.0,1.5
0.7060000000000006,0.09358290350595552,1.059383641936618,1.406761323353721,0.0,2.0,1.5
0.7080000000000006,0.09354307145627407,1.0536318113859386,1.4022839282916317,0.0,2.0,1.5
0.7100000000000006,0.09350326827688143,1.0479330091227859,1.3977844213572026,0.0,2.0,1.5
0.7120000000000006,0.09346331080913253,1.0422786853258144,1.3932690706197057,0.0,2.0,1.5
0.7140000000000006,0.09342485906545729,1.0367283423076306,1.388686893721735,0.0,2.0,1.5
0.7160000000000006,0.0933868616525914,1.0312459673102783,1.384072432513413,0.0,2.0,1.5
0.7180000000000006,0.09334810231208439,1.0257850818896013,1.3794638580571608,0.0,2.0,1.5
0.7200000000000006,0.09330936834879083,1.0203716192551442,1.3748367157579462,0.0,2.0,1.5
0.7220000000000006,0.09327088794737175,1.0150123825361008,1.3701843299699192,0.0,2.0,1.5
0.7240000000000006,0.0932324739270625,1.009698923190336,1.3655128216595365,0.0,2.0,1.5
0.7260000000000006,0.09319513127765658,1.004470748033775,1.3607930281947882,0.0,2.0,1.5
0.7280000000000006,0.09315847253237329,0.9993140185060055,1.3560381074637324,0.0,2.0,1.5
0.7300000000000006,0.09312110698618341,0.9941716139596473,1.3512894306531436,0.0,2.0,1.5
0.7320000000000007,0.09308359572782451,0.9890630513481302,1.3465298561774401,0.0,2.0,1.5
0.7340000000000007,0.09304657074770897,0.9840128067745295,1.3417411435964346,0.0,2.0,1.5
0.7360000000000007,0.09300978437825631,0.979010044203378,1.3369309412329238,0.0,2.0,1.5
0.7380000000000007,0.09297374328533738,0.9740764195859644,1.332085824813245,0.0,2.0,1.5
0.7400000000000007,0.09293839950007293,0.9692107505631119,1.3272084493378589,0.0,2.0,1.5
0.7420000000000007,0.09290263428653371,0.9643639007426368,1.3223301402404297,0.0,2.0,1.5
0.7440000000000007,0.09286643666253241,0.9595324993531338,1.3174501237517096,0.0,2.0,1.5
0.7460000000000007,0.09283082424545737,0.9547598929413056,1.312540512861903,0.0,2.0,1.5
0.7480000000000007,0.09279567749195936,0.9500408098205018,1.3076052314629543,0.0,2.0,1.5
0.7500000000000007,0.0927610156036379,0.9453764907060279,1.3026446899951174,0.0,2.0,1.5
0.7520000000000007,0.09272688573984562,0.9407693937926538,1.2976585348517187,0.0,2.0,1.5
0.7540000000000007,0.09269269708815789,0.9361918945415396,1.2926622459870567,0.0,2.0,1.5
0.7560000000000007,0.092657941439057,0.931618185004653,1.2876675925769965,0.0,2.0,1.5
0.7580000000000007,0.09262352792974735,0.927089129715734,1.2826510426435702,0.0,2.0,1.5
0.7600000000000007,0.09258991450575295,0.9226266453109864,1.2776020748982666,0.0,2.0,1.5
0.7620000000000007,0.09255663068117147,0.9182089617507864,1.272533169082089,0.0,2.0,1.5
0.7640000000000007,0.09252367256707401,0.9138359818446078,1.2674449857602588,0.0,2.0,1.5
0.7660000000000007,0.09249079839460013,0.9094954883749269,1.262343246836898,0.0,2.0,1.5
0.7680000000000007,0.09245758718674664,0.9051655355084598,1.2572368887369143,0.0,2.0,1.5
0.7700000000000007,0.09242431818337736,0.900858260955114,1.2521184566031596,0.0,2.0,1.5
0.7720000000000007,0.09239188301126126,0.8966179558554186,1.2469684109902188,0.0,2.0,1.5
0.7740000000000007,0.09236001767211455,0.892432405978559,1.241793885419599,0.0,2.0,1.5
0.7760000000000007,0.0923281990814493,0.8882754752040112,1.2366067370339042,0.0,2.0,1.5
0.7780000000000007,0.09229641964580614,0.8841461389789046,1.231406795255346,0.0,2.0,1.5
0.7800000000000007,0.0922645793562527,0.8800383948626822,1.2261955122267423,0.0,2.0,1.5
0.7820000000000007,0.09223255490713998,0.8759447499647303,1.2209744584760513,0.0,2.0,1.5
0.7840000000000007,0.09220101013128273,0.8718992984552019,1.2157302519550615,0.0,2.0,1.5
0.7860000000000007,0.0921702319766129,0.867917870410451,1.2104584257081545,0.0,2.0,1.5
0.7880000000000007,0.09213965102298004,0.86397128170353,1.205170921770714,0.0,2.0,1.5
0.7900000000000007,0.09210880045079661,0.8600342710753353,1.1998760356369413,0.0,2.0,1.5
0.7920000000000007,0.09207795938931884,0.8561207973252025,1.194567762368726,0.0,2.0,1.5
0.7940000000000007,0.09204712748900988,0.8522301822654016,1.1892454752475117,0.0,2.0,1.5
0.7960000000000007,0.0920164416416731,0.8483694957685268,1.1839065224457896,0.0,2.0,1.5
0.7980000000000007,0.09198632986430949,0.8445623757030906,1.1785441723764094,0.0,2.0,1.5
0.8000000000000007,0.09195673391786867,0.8408065759475565,1.1731605977510977,0.0,2.0,1.5
0.8020000000000007,0.0919269347955809,0.8370626750500478,1.167767627764149,0.0,2.0,1.5
0.8040000000000007,0.09189681037299394,0.8333229916443811,1.162366083080697,0.0,2.0,1.5
0.8060000000000007,0.09186680701981467,0.8296116172564117,1.1569482117267698,0.0,2.0,1.5
0.8080000000000007,0.09183700952383342,0.8259332520496657,1.1515127017452034,0.0,2.0,1.5
0.8100000000000007,0.09180747419658866,0.8222913626843383,1.1460591074192668,0.0,2.0,1.5
0.8120000000000007,0.09177837726227286,0.8186965257104848,1.1405856901369622,0.0,2.0,1.5
0.8140000000000007,0.09174948520500102,0.8151360319127472,1.1350963408538564,0.0,2.0,1.5
0.8160000000000007,0.09172020853313936,0.811575776057846,1.1295983348510663,0.0,2.0,1.5
0.8180000000000007,0.09169069436372783,0.8080233008182378,1.1240885289787486,0.0,2.0,1.5
0.8200000000000007,0.09166144334352457,0.8045072626716717,1.118560242480003,0.0,2.0,1.5
0.8220000000000007,0.09163254088298593,0.8010331496963334,1.1130130506028777,0.0,2.0,1.5
0.8240000000000007,0.09160380452677705,0.7975908344706684,1.107449682967047,0.0,2.0,1.5
0.8260000000000007,0.09157531658792208,0.7941856316280689,1.1018697383210039,0.0,2.0,1.5
0.8280000000000007,0.09154679365581482,0.7908009374875888,1.0962763266222715,0.0,2.0,1.5
0.8300000000000007,0.09151793983670603,0.7874186851844505,1.0906717325483934,0.0,2.0,1.5
0.8320000000000007,0.09148890992890359,0.7840473937521742,1.0850533501467274,0.0,2.0,1.5
0.8340000000000007,0.091460288094691,0.7807223288995857,1.079415785619313,0.0,2.0,1.5
0.8360000000000007,0.09143200670191158,0.7774402225773113,1.0737605889609325,0.0,2.0,1.5
0.8380000000000007,0.0914037938809064,0.774185185880271,1.068090756463516,0.0,2.0,1.5
0.8400000000000007,0.09137559394400853,0.7709539864198116,1.0624068061053302,0.0,2.0,1.5
0.8420000000000007,0.09134733582305632,0.767742217679844,1.0567090639913275,0.0,2.0,1.5
0.8440000000000007,0.09131880553121921,0.7645362487356898,1.0509983620880463,0.0,2.0,1.5
0.8460000000000008,0.09129022142419721,0.7613492547032623,1.0452725895623785,0.0,2.0,1.5
0.8480000000000008,0.09126200923306665,0.7582081891097455,1.039529423920471,0.0,2.0,1.5
0.8500000000000008,0.09123416745113316,0.7551139786096932,1.0337700466134299,0.0,2.0,1.5
0.8520000000000008,0.09120626943111129,0.7520402843113455,1.0279973433915939,0.0,2.0,1.5
0.8540000000000008,0.09117825874261398,0.7489835057695498,1.022211398285477,0.0,2.0,1.5
0.8560000000000008,0.09115017918977031,0.7459462499329531,1.0164116044110796,0.0,2.0,1.5
0.8580000000000008,0.09112196963873487,0.7429244036521476,1.0105978008652283,0.0,2.0,1.5
0.8600000000000008,0.09109373447938196,0.739924595453029,1.0047693341248258,0.0,2.0,1.5
0.8620000000000008,0.09106579968554702,0.7369684637746224,0.998925681523186,0.0,2.0,1.5
0.8640000000000008,0.09103821916702404,0.7340605753055461,0.9930678759629109,0.0,2.0,1.5
0.8660000000000008,0.09101057590933039,0.7311742014838738,0.9871974362455543,0.0,2.0,1.5
0.8680000000000008,0.09098271500051396,0.7282989976165242,0.9813142998799218,0.0,2.0,1.5
0.8700000000000008,0.09095477022545705,0.725443547136129,0.9754177814567015,0.0,2.0,1.5
0.8720000000000008,0.09092681075198096,0.7226124406541393,0.9695076503144961,0.0,2.0,1.5
0.8740000000000008,0.09089882479783044,0.7198049898057449,0.9635838969316673,0.0,2.0,1.5
0.8760000000000008,0.09087103327257863,0.7170366000096263,0.9576470516942459,0.0,2.0,1.5
0.8780000000000008,0.09084351107060194,0.7143132581145736,0.9516981347707977,0.0,2.0,1.5
0.8800000000000008,0.09081601664840437,0.7116191941594822,0.9457375854641341,0.0,2.0,1.5
0.8820000000000008,0.09078821819798683,0.7089314442347228,0.9397644774855467,0.0,2.0,1.5
0.8840000000000008,0.09076026774476494,0.7062600888703251,0.9337785012960642,0.0,2.0,1.5
0.8860000000000008,0.09073230348154424,0.7036146134822978,0.9277797624689114,0.0,2.0,1.5
0.8880000000000008,0.09070435917366966,0.7009976322885589,0.9217685595550051,0.0,2.0,1.5
0.8900000000000008,0.09067644694266902,0.698410351437895,0.9157452516575542,0.0,2.0,1.5
0.8920000000000008,0.09064872204985044,0.695864484367821,0.9097112495501795,0.0,2.0,1.5
0.8940000000000008,0.09062104792311604,0.6933509581688369,0.9036665573593503,0.0,2.0,1.5
0.8960000000000008,0.09059314255604918,0.6908495700809288,0.897609575762224,0.0,2.0,1.5
0.8980000000000008,0.09056493347994157,0.6883544686942942,0.8915390512593189,0.0,2.0,1.5
0.9000000000000008,0.09053668199596344,0.6858843358977263,0.8854562363715957,0.0,2.0,1.5
0.9020000000000008,0.09050846224485085,0.6834447947756505,0.8793618066751838,0.0,2.0,1.5
0.9040000000000008,0.09048026638697043,0.6810357223181406,0.8732561555745785,0.0,2.0,1.5
0.9060000000000008,0.09045213130482999,0.6786603793971764,0.867140119131413,0.0,2.0,1.5
0.9080000000000008,0.0904241136147287,0.6763237206049417,0.8610149518401539,0.0,2.0,1.5
0.9100000000000008,0.09039599734884045,0.674009870669866,0.8548789540020761,0.0,2.0,1.5
0.9120000000000008,0.09036763030538414,0.671707042304518,0.8487302301639545,0.0,2.0,1.5
0.9140000000000008,0.09033914870278016,0.6694252400478431,0.8425697332112504,0.0,2.0,1.5
0.9160000000000008,0.09031081177022539,0.6671847298964665,0.8364007217564864,0.0,2.0,1.5
0.9180000000000008,0.09028263663006494,0.6649877517375019,0.8302243618199113,0.0,2.0,1.5
0.9200000000000008,0.09025463727712638,0.6628365242158115,0.8240420186579861,0.0,2.0,1.5
0.9220000000000008,0.09022690142237329,0.6607392617291261,0.8178562405739175,0.0,2.0,1.5
0.9240000000000008,0.09019945223348062,0.6586993556529492,0.811668970705858,0.0,2.0,1.5
0.9260000000000008,0.0901722031067261,0.6567113439524109,0.8054804202206013,0.0,2.0,1.5
0.9280000000000008,0.09014523882693526,0.6547835037605899,0.7992933520865134,0.0,2.0,1.5
0.9300000000000008,0.09011889910526011,0.6529457171855784,0.793115603863507,0.0,2.0,1.5
0.9320000000000008,0.09009350275754335,0.6512279423996687,0.7869565466904291,0.0,2.0,1.5
0.9340000000000008,0.09006924610815675,0.6496517047320967,0.7808251239846422,0.0,2.0,1.5
0.9360000000000008,0.09004630732113388,0.6482383589824013,0.7747312729957985,0.0,2.0,1.5
0.9380000000000008,0.09002481469187681,0.6470062664838657,0.7686851040887567,0.0,2.0,1.5
0.9400000000000008,0.09000465328304204,0.6459535989150007,0.7626921439379609,0.0,2.0,1.5
0.9420000000000008,0.089985554473284,0.6450645514391707,0.7567536727740893,0.0,2.0,1.5
0.9440000000000008,0.08996810104069382,0.6443982989652959,0.7508907927891588,0.0,2.0,1.5
0.9460000000000008,0.08995211780685337,0.6439495166824819,0.7451088414810428,0.0,2.0,1.5
0.9480000000000008,0.08993376500611751,0.6433723892230598,0.7393089821210029,0.0,2.0,1.5
0.9500000000000008,0.08991692385158816,0.6430178545872357,0.7335908801316343,0.0,2.0,1.5
0.9520000000000008,0.08990253601065276,0.6429849538057786,0.727991679664968,0.0,2.0,1.5
0.9540000000000008,0.0898895515203523,0.6431914438359402,0.7224954212145811,0.0,2.0,1.5
0.9560000000000008,0.08987709920636022,0.6435654683008906,0.7170848890488388,0.0,2.0,1.5
0.9580000000000009,0.08986463472334025,0.6440581998186004,0.7117449077920114,0.0,2.0,1.5
0.9600000000000009,0.08985228964586497,0.6446847515573257,0.7064805416186831,0.0,2.0,1.5
0.9620000000000009,0.08984080556793139,0.6455266483539236,0.7013232521567843,0.0,2.0,1.5
0.9640000000000009,0.08982874012694862,0.6464376423226518,0.6962187706870087,0.0,2.0,1.5
0.9660000000000009,0.08981672976857348,0.6474860323657823,0.6911922924822093,0.0,2.0,1.5
0.9680000000000009,0.0898059291211511,0.6488059410064226,0.6862996977803746,0.0,2.0,1.5
0.9700000000000009,0.08979646278945337,0.6504298342580405,0.6815610450652227,0.0,2.0,1.5
0.9720000000000009,0.08978692375302413,0.6522109728066529,0.6769188396350871,0.0,2.0,1.5
0.9740000000000009,0.08977686823844355,0.6540993361840755,0.6723503626079393,0.0,2.0,1.5
0.9760000000000009,0.08976637489649332,0.6561011782597108,0.6678551345769556,0.0,2.0,1.5
0.9780000000000009,0.08975589000769654,0.658272227116929,0.6634565429281579,0.0,2.0,1.5
0.9800000000000009,0.08974527733286601,0.6605981200325218,0.6591468769787657,0.0,2.0,1.5
0.9820000000000009,0.08973467039944363,0.6631006193283245,0.654935707905589,0.0,2.0,1.5
0.9840000000000009,0.08972432204207685,0.6658209744379242,0.6508428848337638,0.0,2.0,1.5
0.9860000000000009,0.08971438135237185,0.6687916566545082,0.6468852755126276,0.0,2.0,1.5
0.9880000000000009,0.08970422996010989,0.6719307751606659,0.6430213335038157,0.0,2.0,1.5
0.9900000000000009,0.08969338580515272,0.6751610421208245,0.6392081284094967,0.0,2.0,1.5
0.9920000000000009,0.08968198346835678,0.6784918138489796,0.6354458053891828,0.0,2.0,1.5
0.9940000000000009,0.08967047803705362,0.6819894986964594,0.6317656714362452,0.0,2.0,1.5
0.9960000000000009,0.08965893318922165,0.6856625095633307,0.6281694989802792,0.0,2.0,1.5
0.9980000000000009,0.08964732471240622,0.6895053173959743,0.624651776685126,0.0,2.0,1.5
1.0000000000000009,0.08963571289956367,0.6935260608815983,0.6212142122677295,0.0,2.0,1.5
1.002000000000001,0.08962420828369812,0.697742511751869,0.6178637945512355,0.0,2.0,1.5
1.004000000000001,0.08961250160978496,0.7020879626738301,0.6145605745403002,0.0,2.0,1.5
1.006000000000001,0.08960031436054045,0.7064897669154955,0.6112604857958595,0.0,2.0,1.5
1.008000000000001,0.08958784890276413,0.7109680022430963,0.6079709776922053,0.0,2.0,1.5
1.010000000000001,0.08957548779778082,0.7155866992312008,0.6047246027686594,0.0,2.0,1.5
1.012000000000001,0.0895633908029368,0.7203691070510007,0.6015315383951221,0.0,2.0,1.5
1.014000000000001,0.08955153454693592,0.7252991876950513,0.5983801188409342,0.0,2.0,1.5
1.016000000000001,0.08953980788361149,0.730337306729868,0.5952456475018857,0.0,2.0,1.5
1.018000000000001,0.0895283188029914,0.7354915076766436,0.5921302642985236,0.0,2.0,1.5
1.020000000000001,0.08951690499405049,0.740705287019984,0.5890005441322939,0.0,2.0,1.5
1.022000000000001,0.08950550941490094,0.7459453429895729,0.5858366244925273,0.0,2.0,1.5
1.024000000000001,0.08949436384357208,0.7512478854414487,0.5826574854144171,0.0,2.0,1.5
1.026000000000001,0.08948385736191126,0.7566884093100046,0.5795033017422426,0.0,2.0,1.5
1.028000000000001,0.08947406967653142,0.7622679987031185,0.5763728773825663,0.0,2.0,1.5
1.030000000000001,0.08946482110549808,0.7679247383599384,0.5732309881938404,0.0,2.0,1.5
1.032000000000001,0.08945601118896689,0.7736163700458668,0.57005413449484,0.0,2.0,1.5
1.034000000000001,0.08944769143360604,0.7793380187734145,0.5668397175950668,0.0,2.0,1.5
1.036000000000001,0.08944000023109545,0.7851048810119577,0.5635959430276922,0.0,2.0,1.5
1.038000000000001,0.08943297416761437,0.7909087253622448,0.5603184811887747,0.0,2.0,1.5
1.040000000000001,0.08942688299244814,0.7967908809413767,0.5570290476689633,0.0,2.0,1.5
1.042000000000001,0.08942199909773663,0.8027855736670144,0.5537448546576221,0.0,2.0,1.5
1.044000000000001,0.08941830321059621,0.8088605516441751,0.5504481160415784,0.0,2.0,1.5
1.046000000000001,0.08941551268150685,0.8149370412193092,0.5470979490244707,0.0,2.0,1.5
1.048000000000001,0.08941357795161897,0.8209947852657086,0.5436849650178922,0.0,2.0,1.5
1.050000000000001,0.08941283138809976,0.8270862388649979,0.5402369887369207,0.0,2.0,1.5
1.052000000000001,0.08941372565328604,0.8332707538885702,0.5367840870666815,0.0,2.0,1.5
1.054000000000001,0.08941622698139579,0.8395134266998516,0.5333080347735153,0.0,2.0,1.5
1.056000000000001,0.08942054316497972,0.8458201918452725,0.5298113662962347,0.0,2.0,1.5
1.058000000000001,0.08942675361027654,0.8521768217227322,0.5262867496778708,0.0,2.0,1.5
1.060000000000001,0.08943478418563011,0.8585510607197384,0.5227183618341776,0.0,2.0,1.5
1.062000000000001,0.08944451155156408,0.8649144809384398,0.519092953416152,0.0,2.0,1.5
1.064000000000001,0.08945627965668554,0.8713042195182452,0.5154293940771139,0.0,2.0,1.5
1.066000000000001,0.08947085118898868,0.8777929591712965,0.5117626925530964,0.0,2.0,1.5
1.068000000000001,0.08948864822967852,0.8843892046963879,0.5080956445855692,0.0,2.0,1.5
1.070000000000001,0.08950935178241393,0.8910205986948757,0.5043927017348931,0.0,2.0,1.5
1.072000000000001,0.08953279327660595,0.8976533462771878,0.5006380518666655,0.0,2.0,1.5
1.074000000000001,0.08955930983213813,0.9043117730908047,0.4968437163956758,0.0,2.0,1.5
1.076000000000001,0.08958942184728623,0.9110274700729689,0.4930244945601402,0.0,2.0,1.5
1.078000000000001,0.08962348389276364,0.9178063345135816,0.4891825988106054,0.0,2.0,1.5
1.080000000000001,0.08966207069452874,0.9246655916089206,0.48532511175674253,0.0,2.0,1.5
1.082000000000001,0.0897057751783145,0.9316164061372093,0.48145599279476664,0.0,2.0,1.5
1.084000000000001,0.0897546821790135,0.9386314135910624,0.47756171342828524,0.0,2.0,1.5
1.086000000000001,0.08980804436081682,0.9456442104655235,0.4736122894356056,0.0,2.0,1.5
1.088000000000001,0.08986646216454842,0.9526878165773515,0.46962290500609444,0.0,2.0,1.5
1.090000000000001,0.08993143588360204,0.9598327417807103,0.46562426388225653,0.0,2.0,1.5
1.092000000000001,0.09000402415366926,0.9671001129747868,0.46162384850645183,0.0,2.0,1.5
1.094000000000001,0.090084166240294,0.9744486191298904,0.45760186193355584,0.0,2.0,1.5
1.096000000000001,0.0901717692879215,0.9818495321719224,0.4535449620021122,0.0,2.0,1.5
1.098000000000001,0.0902673334749476,0.9893100194924792,0.4494557181358241,0.0,2.0,1.5
1.100000000000001,0.09037149108533954,0.996839918508066,0.44533759778916393,0.0,2.0,1.5
1.102000000000001,0.09048449612261034,1.0044324161675835,0.44118703036781814,0.0,2.0,1.5
1.104000000000001,0.09060797393430238,1.0121283649533928,0.4370197068584315,0.0,2.0,1.5
1.106000000000001,0.09074382640647978,1.0199633581003869,0.4328479631327083,0.0,2.0,1.5
1.108000000000001,0.09089198268641793,1.0279007367703281,0.42865466441996364,0.0,2.0,1.5
1.110000000000001,0.09105123473907782,1.035883804562858,0.424416198426516,0.0,2.0,1.5
1.112000000000001,0.09122204267944896,1.0439198037696018,0.4201352887518813,0.0,2.0,1.5
1.114000000000001,0.09140691217871527,1.0520665209723032,0.41583347476890037,0.0,2.0,1.5
1.116000000000001,0.09160719427371301,1.0603360504317263,0.4115134253870243,0.0,2.0,1.5
1.118000000000001,0.09182337567845521,1.068715596430873,0.4071681867430774,0.0,2.0,1.5
1.120000000000001,0.09205617101502951,1.0772015733783167,0.40279466076224996,0.0,2.0,1.5
1.122000000000001,0.09230690165269549,1.0858040296051448,0.39839473966087363,0.0,2.0,1.5
1.124000000000001,0.09257395288785306,1.0944754122234168,0.39395039873429616,0.0,2.0,1.5
1.126000000000001,0.09285762050337293,1.1032159952210523,0.3894615183511172,0.0,2.0,1.5
1.128000000000001,0.09316078212746157,1.1120722634144409,0.3849434767308754,0.0,2.0,1.5
1.130000000000001,0.09348619968386275,1.121076082252166,0.38040511906063373,0.0,2.0,1.5
1.132000000000001,0.09383396620872159,1.1302080672378798,0.37583773297539325,0.0,2.0,1.5
1.134000000000001,0.09420249110600022,1.1394292238014032,0.3712274877853297,0.0,2.0,1.5
1.136000000000001,0.09459232147303179,1.1487422111872694,0.3665750109609688,0.0,2.0,1.5
1.138000000000001,0.09500466347345884,1.1581591542582628,0.36188387224604923,0.0,2.0,1.5
1.140000000000001,0.09543898955547636,1.1676668667467942,0.35714995232681074,0.0,2.0,1.5
1.142000000000001,0.09589701239153316,1.1772834318883423,0.35237857844012044,0.0,2.0,1.5
1.144000000000001,0.0963820565098866,1.1870429355094878,0.34757900287265475,0.0,2.0,1.5
1.146000000000001,0.09689428720207335,1.1969353432148406,0.34274741152681304,0.0,2.0,1.5
1.148000000000001,0.09743088064263183,1.2069194980280238,0.3378723559643911,0.0,2.0,1.5
1.150000000000001,0.09799076558767092,1.2169826848351328,0.3329515589656574,0.0,2.0,1.5
1.152000000000001,0.09857596083305453,1.2271480880170715,0.3279925716846735,0.0,2.0,1.5
1.154000000000001,0.09918793056889809,1.2374290525671934,0.3229998893743712,0.0,2.0,1.5
1.156000000000001,0.09982664099063428,1.2478215737441587,0.31797349187448043,0.0,2.0,1.5
1.158000000000001,0.10049383434082827,1.2583396215565799,0.31291803704029836,0.0,2.0,1.5
1.160000000000001,0.10119088600135175,1.2689921016963754,0.3078369768459665,0.0,2.0,1.5
1.162000000000001,0.10191488761446776,1.2797483607891438,0.30272471828854564,0.0,2.0,1.5
1.164000000000001,0.10266346327753813,1.290587710119549,0.29757894505185833,0.0,2.0,1.5
1.166000000000001,0.10343830539457795,1.301528191404555,0.2924068266326722,0.0,2.0,1.5
1.168000000000001,0.10424169861605619,1.3125905938268059,0.28721611153067805,0.0,2.0,1.5
1.170000000000001,0.10507542787774386,1.3237885786421681,0.28201295848936103,0.0,2.0,1.5
1.172000000000001,0.10593865254298215,1.335113599945043,0.27679886294065026,0.0,2.0,1.5
1.174000000000001,0.1068323346894439,1.3465727577175737,0.2715793587084425,0.0,2.0,1.5
1.176000000000001,0.10775606747152262,1.3581626225620425,0.2663581032625144,0.0,2.0,1.5
1.178000000000001,0.10870689408390867,1.3698614523152042,0.2611350344811639,0.0,2.0,1.5
1.180000000000001,0.10968478607176241,1.3816720234058846,0.25591598171005997,0.0,2.0,1.5
1.182000000000001,0.11069273169242667,1.3936193485317823,0.2507124360409714,0.0,2.0,1.5
1.184000000000001,0.11173363171230975,1.4057257653515645,0.24553625155814426,0.0,2.0,1.5
1.186000000000001,0.11280720011924947,1.417989504850433,0.2403945782767861,0.0,2.0,1.5
1.188000000000001,0.11391321177751963,1.4304099793974292,0.23529561671778054,0.0,2.0,1.5
1.190000000000001,0.11505140493961387,1.4429872488705668,0.2302484619118268,0.0,2.0,1.5
1.192000000000001,0.1162211669729887,1.4557196804294195,0.22526252509069114,0.0,2.0,1.5
1.194000000000001,0.11742045273409679,1.468596691265138,0.22034530366259547,0.0,2.0,1.5
1.196000000000001,0.11865057314089279,1.481631273836867,0.21551157626887424,0.0,2.0,1.5
1.198000000000001,0.11991428712064134,1.4948459087464012,0.2107808823489963,0.0,2.0,1.5
1.200000000000001,0.1212132116840794,1.5082550176695502,0.20617308014935717,0.0,2.0,1.5
1.202000000000001,0.12254642290531811,1.5218564410363302,0.20170489352438334,0.0,2.0,1.5
1.204000000000001,0.12391246724501838,1.5356454103865187,0.19739337450766584,0.0,2.0,1.5
1.206000000000001,0.1253095959296098,1.549616125918304,0.19325615272819993,0.0,2.0,1.5
1.208000000000001,0.12673655611574638,1.5637667687698302,0.18931361274815187,0.0,2.0,1.5
1.210000000000001,0.12819083122117905,1.57808792713666,0.18558415648317997,0.0,2.0,1.5
1.212000000000001,0.1296721431999308,1.5925852811473296,0.18209463012618704,0.0,2.0,1.5
1.214000000000001,0.13118108970927744,1.6072707330894844,0.17887880098472364,0.0,2.0,1.5
1.216000000000001,0.13271634138456356,1.6221443467722032,0.17596920384108372,0.0,2.0,1.5
1.218000000000001,0.13427441631852044,1.6371928569270537,0.17339428302514825,0.0,2.0,1.5
1.220000000000001,0.13585034419913924,1.6523937010389051,0.171177783295144,0.0,2.0,1.5
1.222000000000001,0.1374395661173531,1.6677271839284686,0.16934529939059767,0.0,2.0,1.5
1.224000000000001,0.139037138927142,1.6831710726225955,0.16792088457615165,0.0,2.0,1.5
1.226000000000001,0.1406379481683127,1.6987018231534377,0.16692789050041731,0.0,2.0,1.5
1.228000000000001,0.14223751154153513,1.7142999746576995,0.16639431639386207,0.0,2.0,1.5
1.230000000000001,0.1438313588969377,1.7299461727720364,0.16635142616381843,0.0,2.0,1.5
1.232000000000001,0.14541427382794478,1.7456159465348209,0.166829359568665,0.0,2.0,1.5
1.234000000000001,0.1469791114794854,1.7612705160262043,0.16784315179194265,0.0,2.0,1.5
1.236000000000001,0.14851830825254994,1.7768661942702073,0.16939717053884187,0.0,2.0,1.5
1.238000000000001,0.15002466225447597,1.792359237007517,0.17148747073052015,0.0,2.0,1.5
1.240000000000001,0.15149208628607724,1.8077115639122805,0.17411048991810643,0.0,2.0,1.5
1.242000000000001,0.15291496191205461,1.8228858440015676,0.17725560008508937,0.0,2.0,1.5
1.244000000000001,0.1542885921296148,1.8378495464113498,0.1809140129440974,0.0,2.0,1.5
1.246000000000001,0.1556089555498755,1.8525737311222241,0.1850801858855886,0.0,2.0,1.5
1.248000000000001,0.156872276578484,1.8670293489738408,0.18974387143446927,0.0,2.0,1.5
1.250000000000001,0.1580751262441118,1.8811867559031947,0.19488201269391733,0.0,2.0,1.5
1.2520000000000011,0.1592149545689408,1.8950187362441506,0.2004559072612794,0.0,2.0,1.5
1.2540000000000011,0.16029053493924833,1.908505001967206,0.20642166512788757,0.0,2.0,1.5
1.2560000000000011,0.16130179429301222,1.921632788062053,0.21273990892371422,0.0,2.0,1.5
1.2580000000000011,0.16224948111972717,1.9343948578689232,0.21937474243030664,0.0,2.0,1.5
1.2600000000000011,0.1631348352692954,1.9467877730165342,0.22629516788408047,0.0,2.0,1.5
1.2620000000000011,0.16395924640726164,1.9588100968262172,0.23347726855685627,0.0,2.0,1.5
1.2640000000000011,0.16472423152842064,1.97046155582898,0.24089891255932017,0.0,2.0,1.5
1.2660000000000011,0.1654316663664381,1.9817439377302932,0.248534531928332,0.0,2.0,1.5
1.2680000000000011,0.16608459119240665,1.9926652298526537,0.2563442029279068,0.0,2.0,1.5
1.2700000000000011,0.16668654337407096,2.003237771404394,0.26428997704119445,0.0,2.0,1.5
1.2720000000000011,0.16724133846656702,2.0134772200049347,0.27233785670996163,0.0,2.0,1.5
1.2740000000000011,0.1677523131100062,2.0233983594678104,0.2804652623669813,0.0,2.0,1.5
1.2760000000000011,0.16822253990736255,2.033015501009945,0.28865436330999195,0.0,2.0,1.5
1.2780000000000011,0.1686544361693373,2.042339966470506,0.2968948936762008,0.0,2.0,1.5
1.2800000000000011,0.16905017947440015,2.051381999944823,0.3051779065205822,0.0,2.0,1.5
1.2820000000000011,0.16941201705777056,2.0601525143865027,0.3134925695138081,0.0,2.0,1.5
1.2840000000000011,0.16974304199780213,2.068667981831527,0.3218195311180941,0.0,2.0,1.5
1.2860000000000011,0.17004692756097728,2.0769494976946303,0.3301356309679453,0.0,2.0,1.5
1.2880000000000011,0.17032692639927452,2.085016876843275,0.3384237803743094,0.0,2.0,1.5
1.2900000000000011,0.17058547258231294,2.0928857491355246,0.3466751614217443,0.0,2.0,1.5
1.2920000000000011,0.17082425565834672,2.1005674169587505,0.35488688983363936,0.0,2.0,1.5
1.2940000000000011,0.17104436492454236,2.108069338370578,0.3630597695162539,0.0,2.0,1.5
1.2960000000000012,0.17124670977410983,2.1153976521102575,0.3711944970821271,0.0,2.0,1.5
1.2980000000000012,0.1714322193975706,2.1225585253003114,0.379290343732308,0.0,2.0,1.5
1.3000000000000012,0.17160272412974575,2.1295643720727098,0.3873391389108578,0.0,2.0,1.5
1.3020000000000012,0.17176044477463742,2.136430858049783,0.39533028515875784,0.0,2.0,1.5
1.3040000000000012,0.1719074167413251,2.143173083904217,0.4032553496983987,0.0,2.0,1.5
1.3060000000000012,0.17204468349983434,2.1497996456418536,0.411113245972719,0.0,2.0,1.5
1.3080000000000012,0.1721723542940876,2.1563124550200508,0.4189087026207329,0.0,2.0,1.5
1.3100000000000012,0.1722901376601157,2.1627101486436757,0.4266479106750371,0.0,2.0,1.5
1.3120000000000012,0.17239779957118972,2.16899131945373,0.4343354133014113,0.0,2.0,1.5
1.3140000000000012,0.172495287023206,2.175155556285241,0.4419736530885365,0.0,2.0,1.5
1.3160000000000012,0.17258331336540272,2.181208072799267,0.4495598254768638,0.0,2.0,1.5
1.3180000000000012,0.1726629309250893,2.187156872461462,0.45708923282159974,0.0,2.0,1.5
1.3200000000000012,0.17273515849849186,2.1930100853537877,0.4645578427784196,0.0,2.0,1.5
1.3220000000000012,0.1728000610000537,2.198768734448624,0.47196747973496944,0.0,2.0,1.5
1.3240000000000012,0.17285701839980083,2.2044283534290474,0.4793235043411021,0.0,2.0,1.5
1.3260000000000012,0.17290494418730118,2.2099803423291378,0.48663303148241294,0.0,2.0,1.5
1.3280000000000012,0.17294319785731654,2.2154191076939846,0.49389976671932717,0.0,2.0,1.5
1.3300000000000012,0.17297155876701592,2.2207421060804236,0.5011245872518657,0.0,2.0,1.5
1.3320000000000012,0.17299038276326667,2.2259514109780123,0.5083051996457832,0.0,2.0,1.5
1.3340000000000012,0.17300037614624073,2.231052161096451,0.5154377677255217,0.0,2.0,1.5
1.3360000000000012,0.1730020948076117,2.2360485790234486,0.5225196724613365,0.0,2.0,1.5
1.3380000000000012,0.17299569396364534,2.2409417805824186,0.5295505867421265,0.0,2.0,1.5
1.3400000000000012,0.17298053385617004,2.245726200213058,0.5365340048237506,0.0,2.0,1.5
1.3420000000000012,0.17295590147124348,2.250395345337273,0.5434732991747039,0.0,2.0,1.5
1.3440000000000012,0.17292131527491017,2.254944357750792,0.5503702570719244,0.0,2.0,1.5
1.3460000000000012,0.17287693722048314,2.259373729901582,0.5572234525015853,0.0,2.0,1.5
1.3480000000000012,0.17282347933574854,2.263688831081871,0.5640291406023182,0.0,2.0,1.5
1.3500000000000012,0.1727618163519583,2.2678967789497704,0.5707833110703934,0.0,2.0,1.5
1.3520000000000012,0.17269263882517596,2.272003438836003,0.5774832460898288,0.0,2.0,1.5
1.3540000000000012,0.1726162020954894,2.2760110560371447,0.5841283809252475,0.0,2.0,1.5
1.3560000000000012,0.17253219543055906,2.2799168300492783,0.5907204995095457,0.0,2.0,1.5
1.3580000000000012,0.1724401746660321,2.2837165486528836,0.5972616404037469,0.0,2.0,1.5
1.3600000000000012,0.17233999740739778,2.2874084930441345,0.6037523232929743,0.0,2.0,1.5
1.3620000000000012,0.17223215460954255,2.290996650660454,0.6101905053665359,0.0,2.0,1.5
1.3640000000000012,0.1721175896353293,2.2944893630137115,0.6165726708161002,0.0,2.0,1.5
1.3660000000000012,0.1719973322593474,2.297896137411222,0.6228954448126728,0.0,2.0,1.5
1.3680000000000012,0.17187207776125174,2.301223715243883,0.6291571125324973,0.0,2.0,1.5
1.3700000000000012,0.17174204020258077,2.3044744924360527,0.6353578854224853,0.0,2.0,1.5
1.3720000000000012,0.17160711312222138,2.30764779580197,0.6414990382893413,0.0,2.0,1.5
1.3740000000000012,0.1714671393367705,2.3107423034289116,0.6475818092886089,0.0,2.0,1.5
1.3760000000000012,0.17132235570497908,2.3137603309182264,0.6536059426457165,0.0,2.0,1.5
1.3780000000000012,0.17117341646738818,2.316708252567671,0.6595698456662479,0.0,2.0,1.5
1.3800000000000012,0.17102136770579754,2.319596480150397,0.6654709307819976,0.0,2.0,1.5
1.3820000000000012,0.17086714048639923,2.3224346440683945,0.6713073514875447,0.0,2.0,1.5
1.3840000000000012,0.1707112404222769,2.325228458010251,0.6770788512375988,0.0,2.0,1.5
1.3860000000000012,0.17055380997712208,2.3279801157828484,0.6827863223579064,0.0,2.0,1.5
1.3880000000000012,0.17039460994896058,2.330687904712775,0.6884316360645044,0.0,2.0,1.5
1.3900000000000012,0.17023365115668493,2.3333524278616733,0.6940157143084579,0.0,2.0,1.5
1.3920000000000012,0.1700711062300677,2.335975813608915,0.6995388891251929,0.0,2.0,1.5
1.3940000000000012,0.16990758912574613,2.338564696672367,0.7050002916827702,0.0,2.0,1.5
1.3960000000000012,0.16974374273834875,2.341126183695125,0.7103991389575597,0.0,2.0,1.5
1.3980000000000012,0.16958013705415348,2.343666837305577,0.7157350256244666,0.0,2.0,1.5
1.4000000000000012,0.1694168620701083,2.3461883810576625,0.7210088701156656,0.0,2.0,1.5
1.4020000000000012,0.16925370595404793,2.34868933958927,0.7262222555783847,0.0,2.0,1.5
1.4040000000000012,0.16909022504610535,2.35116560968257,0.7313771042007716,0.0,2.0,1.5
1.4060000000000012,0.16892616832793184,2.3536148616551413,0.7364746117446276,0.0,2.0,1.5
1.4080000000000013,0.168761463461861,2.356036486230309,0.7415153794855619,0.0,2.0,1.5
1.4100000000000013,0.1685963233585432,2.3584328591441817,0.7464993015458905,0.0,2.0,1.5
1.4120000000000013,0.16843092155400002,2.3608059904006504,0.7514264021284103,0.0,2.0,1.5
1.4140000000000013,0.1682653421318479,2.36315698555459,0.7562969436842014,0.0,2.0,1.5
1.4160000000000013,0.16809931548423995,2.3654831093922497,0.7611119156897166,0.0,2.0,1.5
1.4180000000000013,0.16793242669732744,2.3677798986671843,0.7658724687013807,0.0,2.0,1.5
1.4200000000000013,0.167764098682155,2.37004088145727,0.7705798696696929,0.0,2.0,1.5
1.4220000000000013,0.16759397089453618,2.3722617077627812,0.775234735616661,0.0,2.0,1.5
1.4240000000000013,0.16742184400843718,2.3744396354639017,0.7798372315886888,0.0,2.0,1.5
1.4260000000000013,0.16724771946262867,2.376574084451803,0.7843870993159645,0.0,2.0,1.5
1.4280000000000013,0.16707167188329083,2.3786653127355684,0.7888839769066667,0.0,2.0,1.5
1.4300000000000013,0.16689370222068142,2.3807127957308967,0.793327683517441,0.0,2.0,1.5
1.4320000000000013,0.16671369133635744,2.3827146567489654,0.7977182620170759,0.0,2.0,1.5
1.4340000000000013,0.16653144661471525,2.3846681249033352,0.8020558434866256,0.0,2.0,1.5
1.4360000000000013,0.16634672003751402,2.386569690246086,0.8063405791679972,0.0,2.0,1.5
1.4380000000000013,0.16615943165602656,2.388417666990267,0.8105722861873362,0.0,2.0,1.5
1.4400000000000013,0.16596957992032732,2.3902112304979504,0.814750643674569,0.0,2.0,1.5
1.4420000000000013,0.16577741791710213,2.391952553825802,0.8188749979985012,0.0,2.0,1.5
1.4440000000000013,0.16558320362857012,2.393643993130757,0.8229447976439414,0.0,2.0,1.5
1.4460000000000013,0.16538728562522786,2.3952891319715817,0.8269594966850593,0.0,2.0,1.5
1.4480000000000013,0.16518987702888946,2.396890108564614,0.8309188531143241,0.0,2.0,1.5
1.4500000000000013,0.1649911643379801,2.39844885235992,0.8348227418792858,0.0,2.0,1.5
1.4520000000000013,0.1647912415213568,2.399966245163119,0.8386711983484005,0.0,2.0,1.5
1.4540000000000013,0.1645902543677033,2.4014438298343106,0.842464222906964,0.0,2.0,1.5
1.4560000000000013,0.16438839864021698,2.4028838096183973,0.8462017958734764,0.0,2.0,1.5
1.4580000000000013,0.16418594871002176,2.404289444744284,0.8498838753853664,0.0,2.0,1.5
1.4600000000000013,0.1639832628366318,2.405665175639306,0.8535104265350074,0.0,2.0,1.5
1.4620000000000013,0.16378065373002226,2.4070150540479327,0.8570815653365208,0.0,2.0,1.5
1.4640000000000013,0.1635784167714946,2.4083430794499354,0.8605975178075091,0.0,2.0,1.5
1.4660000000000013,0.1633767211573632,2.4096517891153897,0.86405868379449,0.0,2.0,1.5
1.4680000000000013,0.16317567785881332,2.4109430437643438,0.8674655331016481,0.0,2.0,1.5
1.4700000000000013,0.16297531269923288,2.412217628019746,0.8708185908030714,0.0,2.0,1.5
1.4720000000000013,0.1627756709495778,2.4134765523763995,0.8741183389318707,0.0,2.0,1.5
1.4740000000000013,0.1625767434164758,2.4147200946316945,0.8773652645521551,0.0,2.0,1.5
1.4760000000000013,0.16237859925027295,2.4159495264676316,0.8805597785047461,0.0,2.0,1.5
1.4780000000000013,0.16218119504424278,2.4171646282067045,0.8837023336723353,0.0,2.0,1.5
1.4800000000000013,0.16198455460683908,2.4183660325599083,0.8867933176576576,0.0,2.0,1.5
1.4820000000000013,0.16178852819313974,2.4195520136563933,0.889833160846626,0.0,2.0,1.5
1.4840000000000013,0.16159302608762435,2.4207215465085157,0.8928222050724526,0.0,2.0,1.5
1.4860000000000013,0.16139781293566868,2.4218715182756876,0.8957607744258231,0.0,2.0,1.5
1.4880000000000013,0.16120273141827277,2.422999713170437,0.8986490800052289,0.0,2.0,1.5
1.4900000000000013,0.16100755968726876,2.4241028801812083,0.9014872721543079,0.0,2.0,1.5
1.4920000000000013,0.1608121719943895,2.425178941452339,0.9042754058089283,0.0,2.0,1.5
1.4940000000000013,0.16061642269767545,2.426225430932881,0.9070134887162841,0.0,2.0,1.5
1.4960000000000013,0.16042025432892507,2.4272410243135956,0.9097014791818594,0.0,2.0,1.5
1.4980000000000013,0.16022360976242514,2.428224354351262,0.9123393203779374,0.0,2.0,1.5
1.5000000000000013,0.16002649080523257,2.429174862966883,0.9149269488608506,0.0,2.0,1.5
1.5020000000000013,0.15982891394132295,2.4300922089031993,0.9174643130157191,0.0,2.0,1.5
1.5040000000000013,0.15963094303225633,2.430976759878467,0.9199513839492611,0.0,2.0,1.5
1.5060000000000013,0.15943265044849478,2.431829063585881,0.9223881661517431,0.0,2.0,1.5
1.5080000000000013,0.15923416769280646,2.4326506067617233,0.9247747113716788,0.0,2.0,1.5
1.5100000000000013,0.15903561230832378,2.4334427765619435,0.927111118979277,0.0,2.0,1.5
1.5120000000000013,0.15883716062264164,2.434207948403046,0.9293975536889676,0.0,2.0,1.5
1.5140000000000013,0.15863895660566374,2.434948153961057,0.9316342301061,0.0,2.0,1.5
1.5160000000000013,0.15844117515813153,2.435666025276789,0.9338214259796056,0.0,2.0,1.5
1.5180000000000013,0.15824394951577966,2.4363636993338535,0.9359594553067936,0.0,2.0,1.5
1.5200000000000014,0.1580474080668027,2.4370433526863757,0.9380486692623973,0.0,2.0,1.5
1.5220000000000014,0.15785164035782212,2.437706658523922,0.9400894312140078,0.0,2.0,1.5
1.5240000000000014,0.15765671339509243,2.4383550027840397,0.9420821089585301,0.0,2.0,1.5
1.5260000000000014,0.15746265569620282,2.438989204374553,0.9440270539442246,0.0,2.0,1.5
1.5280000000000014,0.1572694855353976,2.4396099259076607,0.9459246043865471,0.0,2.0,1.5
1.5300000000000014,0.15707717767245924,2.4402171211713264,0.9477750565148219,0.0,2.0,1.5
1.5320000000000014,0.15688571355118072,2.440810810402378,0.9495786880790966,0.0,2.0,1.5
1.5340000000000014,0.1566950351777598,2.4413903233105896,0.9513357229879841,0.0,2.0,1.5
1.5360000000000014,0.15650509839077859,2.441955145914077,0.9530463652327407,0.0,2.0,1.5
1.5380000000000014,0.15631583042296152,2.4425042204182015,0.9547107660058903,0.0,2.0,1.5
1.5400000000000014,0.15612717788006478,2.443036729647866,0.9563290617482981,0.0,2.0,1.5
1.5420000000000014,0.15593907134394286,2.44355151164002,0.9579013467621935,0.0,2.0,1.5
1.5440000000000014,0.15575146345911053,2.4440477028399994,0.9594277100108116,0.0,2.0,1.5
1.5460000000000014,0.15556431095805578,2.4445244481257036,0.9609082239760063,0.0,2.0,1.5
1.5480000000000014,0.1553775834243246,2.444981066433677,0.9623429591373401,0.0,2.0,1.5
1.5500000000000014,0.1551912766059264,2.4454172995072354,0.9637320040339682,0.0,2.0,1.5
1.5520000000000014,0.15500538606637107,2.4458328803628855,0.9650754453032868,0.0,2.0,1.5
1.5540000000000014,0.15481994294763804,2.446228177089105,0.9663734120191467,0.0,2.0,1.5
1.5560000000000014,0.15463497069721258,2.4466034563318577,0.9676260338398731,0.0,2.0,1.5
1.5580000000000014,0.15445052003842125,2.4469595165293008,0.968833484481752,0.0,2.0,1.5
1.5600000000000014,0.1542666367849387,2.447297130127247,0.969995947166351,0.0,2.0,1.5
1.5620000000000014,0.15408337226068683,2.447617233786629,0.9711136271551722,0.0,2.0,1.5
1.5640000000000014,0.15390077936107874,2.447920862626054,0.9721867471933819,0.0,2.0,1.5
1.5660000000000014,0.1537188989326299,2.448208892733122,0.9732155267402379,0.0,2.0,1.5
1.5680000000000014,0.15353777244722772,2.448482269287516,0.974200196542067,0.0,2.0,1.5
1.5700000000000014,0.1533574245166587,2.4487416652597624,0.9751409699858996,0.0,2.0,1.5
1.5720000000000014,0.15317787669617566,2.448987728344514,0.9760380590866611,0.0,2.0,1.5
1.5740000000000014,0.15299913331275877,2.449220793153256,0.9768916490495656,0.0,2.0,1.5
