0.000000000000000000e+00,-1.593500018119812012e+00,-2.275599956512451172e+00,-1.187661767005920410e+00,-3.180169761180877686e-01,1.570700049400329590e+00,3.141499996185302734e+00
2.000000000000000042e-03,-1.593500018119812012e+00,-2.274612178736262980e+00,-1.185584928757614565e+00,-3.127748546501000759e-01,1.570700049400329590e+00,3.141499996185302734e+00
4.000000000000000083e-03,-1.593500018119812012e+00,-2.273624400960074343e+00,-1.183508090509308719e+00,-3.075327331821123833e-01,1.570700049400329590e+00,3.141499996185302734e+00
6.000000000000000125e-03,-1.593500018119812012e+00,-2.272636623183886151e+00,-1.181431252261002873e+00,-3.022906117141246907e-01,1.570700049400329590e+00,3.141499996185302734e+00
8.000000000000000167e-03,-1.593500018119812012e+00,-2.271648845407697959e+00,-1.179354414012697028e+00,-2.970484902461369980e-01,1.570700049400329590e+00,3.141499996185302734e+00
1.000000000000000021e-02,-1.593500018119812012e+00,-2.270661067631509766e+00,-1.177277575764391182e+00,-2.918063687781493054e-01,1.570700049400329590e+00,3.141499996185302734e+00
1.200000000000000025e-02,-1.593500018119812012e+00,-2.269673289855321130e+00,-1.175200737516085336e+00,-2.865642473101616128e-01,1.570700049400329590e+00,3.141499996185302734e+00
1.400000000000000029e-02,-1.593500018119812012e+00,-2.268685512079132938e+00,-1.173123899267779491e+00,-2.813221258421738646e-01,1.570700049400329590e+00,3.141499996185302734e+00
1.600000000000000033e-02,-1.593500018119812012e+00,-2.267697734302944745e+00,-1.171047061019473645e+00,-2.760800043741862275e-01,1.570700049400329590e+00,3.141499996185302734e+00
1.800000000000000211e-02,-1.593500018119812012e+00,-2.266709956526756109e+00,-1.168970222771167800e+00,-2.708378829061984794e-01,1.570700049400329590e+00,3.141499996185302734e+00
2.000000000000000042e-02,-1.593500018119812012e+00,-2.265722178750567917e+00,-1.166893384522861954e+00,-2.655957614382107868e-01,1.570700049400329590e+00,3.141499996185302734e+00
2.199999999999999872e-02,-1.593500018119812012e+00,-2.264734400974379724e+00,-1.164816546274556108e+00,-2.603536399702230941e-01,1.570700049400329590e+00,3.141499996185302734e+00
2.400000000000000050e-02,-1.593500018119812012e+00,-2.263746623198191532e+00,-1.162739708026250263e+00,-2.551115185022354015e-01,1.570700049400329590e+00,3.141499996185302734e+00
2.600000000000000228e-02,-1.593500018119812012e+00,-2.262758845422002896e+00,-1.160662869777944417e+00,-2.498693970342477089e-01,1.570700049400329590e+00,3.141499996185302734e+00
2.800000000000000058e-02,-1.593500018119812012e+00,-2.261771067645814703e+00,-1.158586031529638571e+00,-2.446272755662600162e-01,1.570700049400329590e+00,3.141499996185302734e+00
2.999999999999999889e-02,-1.593500018119812012e+00,-2.260783289869626511e+00,-1.156509193281332726e+00,-2.393851540982723236e-01,1.570700049400329590e+00,3.141499996185302734e+00
3.200000000000000067e-02,-1.593500018119812012e+00,-2.259795512093437875e+00,-1.154432355033026880e+00,-2.341430326302846310e-01,1.570700049400329590e+00,3.141499996185302734e+00
3.400000000000000244e-02,-1.593500018119812012e+00,-2.258807734317249682e+00,-1.152355516784721035e+00,-2.289009111622969384e-01,1.570700049400329590e+00,3.141499996185302734e+00
3.600000000000000422e-02,-1.593500018119812012e+00,-2.257819956541061490e+00,-1.150278678536415189e+00,-2.236587896943092457e-01,1.570700049400329590e+00,3.141499996185302734e+00
3.799999999999999906e-02,-1.593500018119812012e+00,-2.256832178764873298e+00,-1.148201840288109343e+00,-2.184166682263215531e-01,1.570700049400329590e+00,3.141499996185302734e+00
4.000000000000000083e-02,-1.593500018119812012e+00,-2.255844400988684662e+00,-1.146125002039803498e+00,-2.131745467583338605e-01,1.570700049400329590e+00,3.141499996185302734e+00
4.200000000000000261e-02,-1.593500018119812012e+00,-2.254856623212496469e+00,-1.144048163791497652e+00,-2.079324252903461401e-01,1.570700049400329590e+00,3.141499996185302734e+00
4.399999999999999745e-02,-1.593500018119812012e+00,-2.253868845436308277e+00,-1.141971325543191806e+00,-2.026903038223584474e-01,1.570700049400329590e+00,3.141499996185302734e+00
4.599999999999999922e-02,-1.593500018119812012e+00,-2.252881067660119641e+00,-1.139894487294885739e+00,-1.974481823543707826e-01,1.570700049400329590e+00,3.141499996185302734e+00
4.800000000000000100e-02,-1.593500018119812012e+00,-2.251893289883931448e+00,-1.137817649046579893e+00,-1.922060608863830622e-01,1.570700049400329590e+00,3.141499996185302734e+00
5.000000000000000278e-02,-1.593500018119812012e+00,-2.250905512107743256e+00,-1.135740810798274047e+00,-1.869639394183953418e-01,1.570700049400329590e+00,3.141499996185302734e+00
5.200000000000000455e-02,-1.593500018119812012e+00,-2.249917734331554620e+00,-1.133663972549968202e+00,-1.817218179504076769e-01,1.570700049400329590e+00,3.141499996185302734e+00
5.399999999999999939e-02,-1.593500018119812012e+00,-2.248929956555366427e+00,-1.131587134301662356e+00,-1.764796964824199843e-01,1.570700049400329590e+00,3.141499996185302734e+00
5.600000000000000117e-02,-1.593500018119812012e+00,-2.247942178779178235e+00,-1.129510296053356511e+00,-1.712375750144322639e-01,1.570700049400329590e+00,3.141499996185302734e+00
5.800000000000000294e-02,-1.593500018119812012e+00,-2.246954401002990043e+00,-1.127433457805050665e+00,-1.659954535464445713e-01,1.570700049400329590e+00,3.141499996185302734e+00
5.999999999999999778e-02,-1.593500018119812012e+00,-2.245966623226801406e+00,-1.125356619556744819e+00,-1.607533320784568787e-01,1.570700049400329590e+00,3.141499996185302734e+00
6.199999999999999956e-02,-1.593500018119812012e+00,-2.244978845450613214e+00,-1.123279781308438974e+00,-1.555112106104691860e-01,1.570700049400329590e+00,3.141499996185302734e+00
6.400000000000000133e-02,-1.593500018119812012e+00,-2.243991067674425022e+00,-1.121202943060133128e+00,-1.502690891424814934e-01,1.570700049400329590e+00,3.141499996185302734e+00
6.600000000000000311e-02,-1.593500018119812012e+00,-2.243003289898236385e+00,-1.119126104811827283e+00,-1.450269676744938008e-01,1.570700049400329590e+00,3.141499996185302734e+00
6.800000000000000488e-02,-1.593500018119812012e+00,-2.242015512122048193e+00,-1.117049266563521437e+00,-1.397848462065061081e-01,1.570700049400329590e+00,3.141499996185302734e+00
7.000000000000000666e-02,-1.593500018119812012e+00,-2.241027734345860001e+00,-1.114972428315215591e+00,-1.345427247385183878e-01,1.570700049400329590e+00,3.141499996185302734e+00
7.200000000000000844e-02,-1.593500018119812012e+00,-2.240039956569671808e+00,-1.112895590066909746e+00,-1.293006032705306951e-01,1.570700049400329590e+00,3.141499996185302734e+00
7.399999999999999634e-02,-1.593500018119812012e+00,-2.239052178793483172e+00,-1.110818751818603900e+00,-1.240584818025430025e-01,1.570700049400329590e+00,3.141499996185302734e+00
7.599999999999999811e-02,-1.593500018119812012e+00,-2.238064401017294980e+00,-1.108741913570298054e+00,-1.188163603345553099e-01,1.570700049400329590e+00,3.141499996185302734e+00
7.799999999999999989e-02,-1.593500018119812012e+00,-2.237076623241106788e+00,-1.106665075321992209e+00,-1.135742388665676172e-01,1.570700049400329590e+00,3.141499996185302734e+00
8.000000000000000167e-02,-1.593500018119812012e+00,-2.236088845464918151e+00,-1.104588237073686363e+00,-1.083321173985799246e-01,1.570700049400329590e+00,3.141499996185302734e+00
8.200000000000000344e-02,-1.593500018119812012e+00,-2.235101067688729959e+00,-1.102511398825380518e+00,-1.030899959305922320e-01,1.570700049400329590e+00,3.141499996185302734e+00
8.400000000000000522e-02,-1.593500018119812012e+00,-2.234113289912541767e+00,-1.100434560577074672e+00,-9.784787446260451160e-02,1.570700049400329590e+00,3.141499996185302734e+00
8.600000000000000699e-02,-1.593500018119812012e+00,-2.233125512136353574e+00,-1.098357722328768826e+00,-9.260575299461681897e-02,1.570700049400329590e+00,3.141499996185302734e+00
8.799999999999999489e-02,-1.593500018119812012e+00,-2.232137734360164938e+00,-1.096280884080462981e+00,-8.736363152662912634e-02,1.570700049400329590e+00,3.141499996185302734e+00
8.999999999999999667e-02,-1.593500018119812012e+00,-2.231149956583976746e+00,-1.094204045832157135e+00,-8.212151005864143372e-02,1.570700049400329590e+00,3.141499996185302734e+00
9.199999999999999845e-02,-1.593500018119812012e+00,-2.230162178807788553e+00,-1.092127207583851289e+00,-7.687938859065376884e-02,1.570700049400329590e+00,3.141499996185302734e+00
9.400000000000000022e-02,-1.593500018119812012e+00,-2.229174401031599917e+00,-1.090050369335545444e+00,-7.163726712266602070e-02,1.570700049400329590e+00,3.141499996185302734e+00
9.600000000000000200e-02,-1.593500018119812012e+00,-2.228186623255411725e+00,-1.087973531087239598e+00,-6.639514565467835583e-02,1.570700049400329590e+00,3.141499996185302734e+00
9.800000000000000377e-02,-1.593500018119812012e+00,-2.227198845479223532e+00,-1.085896692838933753e+00,-6.115302418669066320e-02,1.570700049400329590e+00,3.141499996185302734e+00
1.000000000000000056e-01,-1.593500018119812012e+00,-2.226211067703035340e+00,-1.083819854590627907e+00,-5.591090271870291506e-02,1.570700049400329590e+00,3.141499996185302734e+00
1.020000000000000073e-01,-1.593500018119812012e+00,-2.225223289926846704e+00,-1.081743016342322061e+00,-5.066878125071527794e-02,1.570700049400329590e+00,3.141499996185302734e+00
1.040000000000000091e-01,-1.593500018119812012e+00,-2.224235512150658511e+00,-1.079666178094016216e+00,-4.542665978272758531e-02,1.570700049400329590e+00,3.141499996185302734e+00
1.059999999999999970e-01,-1.593500018119812012e+00,-2.223247734374470319e+00,-1.077589339845710370e+00,-4.018453831473983717e-02,1.570700049400329590e+00,3.141499996185302734e+00
1.079999999999999988e-01,-1.593500018119812012e+00,-2.222259956598281683e+00,-1.075512501597404524e+00,-3.494241684675220005e-02,1.570700049400329590e+00,3.141499996185302734e+00
1.100000000000000006e-01,-1.593500018119812012e+00,-2.221272178822093490e+00,-1.073435663349098679e+00,-2.970029537876445191e-02,1.570700049400329590e+00,3.141499996185302734e+00
1.120000000000000023e-01,-1.593500018119812012e+00,-2.220284401045905298e+00,-1.071358825100792833e+00,-2.445817391077675929e-02,1.570700049400329590e+00,3.141499996185302734e+00
1.140000000000000041e-01,-1.593500018119812012e+00,-2.219296623269717106e+00,-1.069281986852486988e+00,-1.921605244278906666e-02,1.570700049400329590e+00,3.141499996185302734e+00
1.160000000000000059e-01,-1.593500018119812012e+00,-2.218308845493528469e+00,-1.067205148604181142e+00,-1.397393097480137403e-02,1.570700049400329590e+00,3.141499996185302734e+00
1.180000000000000077e-01,-1.593500018119812012e+00,-2.217321067717340277e+00,-1.065128310355875296e+00,-8.731809506813681399e-03,1.570700049400329590e+00,3.141499996185302734e+00
1.199999999999999956e-01,-1.593500018119812012e+00,-2.216333289941152085e+00,-1.063051472107569451e+00,-3.489688038825988770e-03,1.570700049400329590e+00,3.141499996185302734e+00
1.219999999999999973e-01,-1.593500018119812012e+00,-2.215345512164963448e+00,-1.060974633859263605e+00,1.752433429161703859e-03,1.570700049400329590e+00,3.141499996185302734e+00
1.239999999999999991e-01,-1.593500018119812012e+00,-2.214357734388775256e+00,-1.058897795610957759e+00,6.994554897149396488e-03,1.570700049400329590e+00,3.141499996185302734e+00
1.260000000000000009e-01,-1.593500018119812012e+00,-2.213369956612587064e+00,-1.056820957362651914e+00,1.223667636513708912e-02,1.570700049400329590e+00,3.141499996185302734e+00
1.280000000000000027e-01,-1.593500018119812012e+00,-2.212382178836398872e+00,-1.054744119114345846e+00,1.747879783312478175e-02,1.570700049400329590e+00,3.141499996185302734e+00
1.300000000000000044e-01,-1.593500018119812012e+00,-2.211394401060210235e+00,-1.052667280866040223e+00,2.272091930111247438e-02,1.570700049400329590e+00,3.141499996185302734e+00
1.320000000000000062e-01,-1.593500018119812012e+00,-2.210406623284022043e+00,-1.050590442617734377e+00,2.796304076910016700e-02,1.570700049400329590e+00,3.141499996185302734e+00
1.340000000000000080e-01,-1.593500018119812012e+00,-2.209418845507833851e+00,-1.048513604369428531e+00,3.320516223708791514e-02,1.570700049400329590e+00,3.141499996185302734e+00
1.360000000000000098e-01,-1.593500018119812012e+00,-2.208431067731645214e+00,-1.046436766121122464e+00,3.844728370507555226e-02,1.570700049400329590e+00,3.141499996185302734e+00
1.380000000000000115e-01,-1.593500018119812012e+00,-2.207443289955457022e+00,-1.044359927872816618e+00,4.368940517306330040e-02,1.570700049400329590e+00,3.141499996185302734e+00
1.400000000000000133e-01,-1.593500018119812012e+00,-2.206455512179268830e+00,-1.042283089624510772e+00,4.893152664105099303e-02,1.570700049400329590e+00,3.141499996185302734e+00
1.420000000000000151e-01,-1.593500018119812012e+00,-2.205467734403080193e+00,-1.040206251376205149e+00,5.417364810903868566e-02,1.570700049400329590e+00,3.141499996185302734e+00
1.440000000000000169e-01,-1.593500018119812012e+00,-2.204479956626892001e+00,-1.038129413127899081e+00,5.941576957702637829e-02,1.570700049400329590e+00,3.141499996185302734e+00
1.459999999999999909e-01,-1.593500018119812012e+00,-2.203492178850703809e+00,-1.036052574879593235e+00,6.465789104501407092e-02,1.570700049400329590e+00,3.141499996185302734e+00
1.479999999999999927e-01,-1.593500018119812012e+00,-2.202504401074515616e+00,-1.033975736631287390e+00,6.990001251300176355e-02,1.570700049400329590e+00,3.141499996185302734e+00
1.499999999999999944e-01,-1.593500018119812012e+00,-2.201516623298326980e+00,-1.031898898382981544e+00,7.514213398098945618e-02,1.570700049400329590e+00,3.141499996185302734e+00
1.519999999999999962e-01,-1.593500018119812012e+00,-2.200528845522138788e+00,-1.029822060134675699e+00,8.038425544897714881e-02,1.570700049400329590e+00,3.141499996185302734e+00
1.539999999999999980e-01,-1.593500018119812012e+00,-2.199541067745950595e+00,-1.027745221886369853e+00,8.562637691696484143e-02,1.570700049400329590e+00,3.141499996185302734e+00
1.559999999999999998e-01,-1.593500018119812012e+00,-2.198553289969761959e+00,-1.025668383638064007e+00,9.086849838495253406e-02,1.570700049400329590e+00,3.141499996185302734e+00
1.580000000000000016e-01,-1.593500018119812012e+00,-2.197565512193573767e+00,-1.023591545389758162e+00,9.611061985294022669e-02,1.570700049400329590e+00,3.141499996185302734e+00
1.600000000000000033e-01,-1.593500018119812012e+00,-2.196577734417385575e+00,-1.021514707141452316e+00,1.013527413209279193e-01,1.570700049400329590e+00,3.141499996185302734e+00
1.620000000000000051e-01,-1.593500018119812012e+00,-2.195589956641197382e+00,-1.019437868893146470e+00,1.065948627889156675e-01,1.570700049400329590e+00,3.141499996185302734e+00
1.640000000000000069e-01,-1.593500018119812012e+00,-2.194602178865008746e+00,-1.017361030644840625e+00,1.118369842569033046e-01,1.570700049400329590e+00,3.141499996185302734e+00
1.660000000000000087e-01,-1.593500018119812012e+00,-2.193614401088820554e+00,-1.015284192396534779e+00,1.170791057248910527e-01,1.570700049400329590e+00,3.141499996185302734e+00
1.680000000000000104e-01,-1.593500018119812012e+00,-2.192626623312632361e+00,-1.013207354148228934e+00,1.223212271928787453e-01,1.570700049400329590e+00,3.141499996185302734e+00
1.700000000000000122e-01,-1.593500018119812012e+00,-2.191638845536443725e+00,-1.011130515899923088e+00,1.275633486608663825e-01,1.570700049400329590e+00,3.141499996185302734e+00
1.720000000000000140e-01,-1.593500018119812012e+00,-2.190651067760255533e+00,-1.009053677651617242e+00,1.328054701288541306e-01,1.570700049400329590e+00,3.141499996185302734e+00
1.740000000000000158e-01,-1.593500018119812012e+00,-2.189663289984067340e+00,-1.006976839403311397e+00,1.380475915968418232e-01,1.570700049400329590e+00,3.141499996185302734e+00
1.759999999999999898e-01,-1.593500018119812012e+00,-2.188675512207879148e+00,-1.004900001155005551e+00,1.432897130648295159e-01,1.570700049400329590e+00,3.141499996185302734e+00
1.779999999999999916e-01,-1.593500018119812012e+00,-2.187687734431690512e+00,-1.002823162906699705e+00,1.485318345328172085e-01,1.570700049400329590e+00,3.141499996185302734e+00
1.799999999999999933e-01,-1.593500018119812012e+00,-2.186699956655502319e+00,-1.000746324658393860e+00,1.537739560008049011e-01,1.570700049400329590e+00,3.141499996185302734e+00
1.819999999999999951e-01,-1.593500018119812012e+00,-2.185712178879314127e+00,-9.986694864100880142e-01,1.590160774687925938e-01,1.570700049400329590e+00,3.141499996185302734e+00
1.839999999999999969e-01,-1.593500018119812012e+00,-2.184724401103125491e+00,-9.965926481617821686e-01,1.642581989367802309e-01,1.570700049400329590e+00,3.141499996185302734e+00
1.859999999999999987e-01,-1.593500018119812012e+00,-2.183736623326937298e+00,-9.945158099134763230e-01,1.695003204047680345e-01,1.570700049400329590e+00,3.141499996185302734e+00
1.880000000000000004e-01,-1.593500018119812012e+00,-2.182748845550749106e+00,-9.924389716651704774e-01,1.747424418727557272e-01,1.570700049400329590e+00,3.141499996185302734e+00
1.900000000000000022e-01,-1.593500018119812012e+00,-2.181761067774560914e+00,-9.903621334168646317e-01,1.799845633407434198e-01,1.570700049400329590e+00,3.141499996185302734e+00
1.920000000000000040e-01,-1.593500018119812012e+00,-2.180773289998372277e+00,-9.882852951685587861e-01,1.852266848087310569e-01,1.570700049400329590e+00,3.141499996185302734e+00
1.940000000000000058e-01,-1.593500018119812012e+00,-2.179785512222184085e+00,-9.862084569202529405e-01,1.904688062767188050e-01,1.570700049400329590e+00,3.141499996185302734e+00
1.960000000000000075e-01,-1.593500018119812012e+00,-2.178797734445995893e+00,-9.841316186719470949e-01,1.957109277447064422e-01,1.570700049400329590e+00,3.141499996185302734e+00
1.980000000000000093e-01,-1.593500018119812012e+00,-2.177809956669807256e+00,-9.820547804236412492e-01,2.009530492126941903e-01,1.570700049400329590e+00,3.141499996185302734e+00
2.000000000000000111e-01,-1.593500018119812012e+00,-2.176822178893619064e+00,-9.799779421753354036e-01,2.061951706806819384e-01,1.570700049400329590e+00,3.141499996185302734e+00
2.020000000000000129e-01,-1.593500018119812012e+00,-2.175834401117430872e+00,-9.779011039270295580e-01,2.114372921486695756e-01,1.570700049400329590e+00,3.141499996185302734e+00
2.040000000000000147e-01,-1.593500018119812012e+00,-2.174846623341242680e+00,-9.758242656787237124e-01,2.166794136166572127e-01,1.570700049400329590e+00,3.141499996185302734e+00
2.060000000000000164e-01,-1.593500018119812012e+00,-2.173858845565054043e+00,-9.737474274304178667e-01,2.219215350846449608e-01,1.570700049400329590e+00,3.141499996185302734e+00
2.080000000000000182e-01,-1.593500018119812012e+00,-2.172871067788865851e+00,-9.716705891821120211e-01,2.271636565526325979e-01,1.570700049400329590e+00,3.141499996185302734e+00
2.099999999999999922e-01,-1.593500018119812012e+00,-2.171883290012677659e+00,-9.695937509338060645e-01,2.324057780206203461e-01,1.570700049400329590e+00,3.141499996185302734e+00
2.119999999999999940e-01,-1.593500018119812012e+00,-2.170895512236489022e+00,-9.675169126855002188e-01,2.376478994886080942e-01,1.570700049400329590e+00,3.141499996185302734e+00
2.139999999999999958e-01,-1.593500018119812012e+00,-2.169907734460300830e+00,-9.654400744371943732e-01,2.428900209565957313e-01,1.570700049400329590e+00,3.141499996185302734e+00
2.159999999999999976e-01,-1.593500018119812012e+00,-2.168919956684112638e+00,-9.633632361888885276e-01,2.481321424245833684e-01,1.570700049400329590e+00,3.141499996185302734e+00
2.179999999999999993e-01,-1.593500018119812012e+00,-2.167932178907924445e+00,-9.612863979405826820e-01,2.533742638925711166e-01,1.570700049400329590e+00,3.141499996185302734e+00
2.200000000000000011e-01,-1.593500018119812012e+00,-2.166944401131735809e+00,-9.592095596922768364e-01,2.586163853605588647e-01,1.570700049400329590e+00,3.141499996185302734e+00
2.220000000000000029e-01,-1.593500018119812012e+00,-2.165956623355547617e+00,-9.571327214439709907e-01,2.638585068285465018e-01,1.570700049400329590e+00,3.141499996185302734e+00
2.240000000000000047e-01,-1.593500018119812012e+00,-2.164968845579359424e+00,-9.550558831956651451e-01,2.691006282965342500e-01,1.570700049400329590e+00,3.141499996185302734e+00
2.260000000000000064e-01,-1.593500018119812012e+00,-2.163981067803170788e+00,-9.529790449473592995e-01,2.743427497645218871e-01,1.570700049400329590e+00,3.141499996185302734e+00
2.280000000000000082e-01,-1.593500018119812012e+00,-2.162993290026982596e+00,-9.509022066990534539e-01,2.795848712325096352e-01,1.570700049400329590e+00,3.141499996185302734e+00
2.300000000000000100e-01,-1.593500018119812012e+00,-2.162005512250794403e+00,-9.488253684507476082e-01,2.848269927004972724e-01,1.570700049400329590e+00,3.141499996185302734e+00
2.320000000000000118e-01,-1.593500018119812012e+00,-2.161017734474605767e+00,-9.467485302024417626e-01,2.900691141684850205e-01,1.570700049400329590e+00,3.141499996185302734e+00
2.340000000000000135e-01,-1.593500018119812012e+00,-2.160029956698417575e+00,-9.446716919541359170e-01,2.953112356364727686e-01,1.570700049400329590e+00,3.141499996185302734e+00
2.360000000000000153e-01,-1.593500018119812012e+00,-2.159042178922229382e+00,-9.425948537058300714e-01,3.005533571044604058e-01,1.570700049400329590e+00,3.141499996185302734e+00
2.380000000000000171e-01,-1.593500018119812012e+00,-2.158054401146041190e+00,-9.405180154575242257e-01,3.057954785724480429e-01,1.570700049400329590e+00,3.141499996185302734e+00
2.399999999999999911e-01,-1.593500018119812012e+00,-2.157066623369852554e+00,-9.384411772092183801e-01,3.110376000404357910e-01,1.570700049400329590e+00,3.141499996185302734e+00
2.419999999999999929e-01,-1.593500018119812012e+00,-2.156078845593664362e+00,-9.363643389609124235e-01,3.162797215084235392e-01,1.570700049400329590e+00,3.141499996185302734e+00
2.439999999999999947e-01,-1.593500018119812012e+00,-2.155091067817476169e+00,-9.342875007126065778e-01,3.215218429764111763e-01,1.570700049400329590e+00,3.141499996185302734e+00
2.459999999999999964e-01,-1.593500018119812012e+00,-2.154103290041287533e+00,-9.322106624643007322e-01,3.267639644443989244e-01,1.570700049400329590e+00,3.141499996185302734e+00
2.479999999999999982e-01,-1.593500018119812012e+00,-2.153115512265099341e+00,-9.301338242159948866e-01,3.320060859123865615e-01,1.570700049400329590e+00,3.141499996185302734e+00
2.500000000000000000e-01,-1.593500018119812012e+00,-2.152127734488911148e+00,-9.280569859676890410e-01,3.372482073803741986e-01,1.570700049400329590e+00,3.141499996185302734e+00
2.520000000000000018e-01,-1.593500018119812012e+00,-2.151139956712722956e+00,-9.259801477193831953e-01,3.424903288483619468e-01,1.570700049400329590e+00,3.141499996185302734e+00
2.540000000000000036e-01,-1.593500018119812012e+00,-2.150152178936534320e+00,-9.239033094710773497e-01,3.477324503163496949e-01,1.570700049400329590e+00,3.141499996185302734e+00
2.560000000000000053e-01,-1.593500018119812012e+00,-2.149164401160346127e+00,-9.218264712227715041e-01,3.529745717843373320e-01,1.570700049400329590e+00,3.141499996185302734e+00
2.580000000000000071e-01,-1.593500018119812012e+00,-2.148176623384157935e+00,-9.197496329744656585e-01,3.582166932523250802e-01,1.570700049400329590e+00,3.141499996185302734e+00
2.600000000000000089e-01,-1.593500018119812012e+00,-2.147188845607969299e+00,-9.176727947261598128e-01,3.634588147203127173e-01,1.570700049400329590e+00,3.141499996185302734e+00
2.620000000000000107e-01,-1.593500018119812012e+00,-2.146201067831781106e+00,-9.155959564778539672e-01,3.687009361883004654e-01,1.570700049400329590e+00,3.141499996185302734e+00
2.640000000000000124e-01,-1.593500018119812012e+00,-2.145213290055592914e+00,-9.135191182295481216e-01,3.739430576562881026e-01,1.570700049400329590e+00,3.141499996185302734e+00
2.660000000000000142e-01,-1.593500018119812012e+00,-2.144225512279404722e+00,-9.114422799812422760e-01,3.791851791242758507e-01,1.570700049400329590e+00,3.141499996185302734e+00
2.680000000000000160e-01,-1.593500018119812012e+00,-2.143237734503216085e+00,-9.093654417329364303e-01,3.844273005922635988e-01,1.570700049400329590e+00,3.141499996185302734e+00
2.700000000000000178e-01,-1.593500018119812012e+00,-2.142249956727027893e+00,-9.072886034846305847e-01,3.896694220602512360e-01,1.570700049400329590e+00,3.141499996185302734e+00
2.720000000000000195e-01,-1.593500018119812012e+00,-2.141262178950839701e+00,-9.052117652363247391e-01,3.949115435282388731e-01,1.570700049400329590e+00,3.141499996185302734e+00
2.740000000000000213e-01,-1.593500018119812012e+00,-2.140274401174651064e+00,-9.031349269880188935e-01,4.001536649962266212e-01,1.570700049400329590e+00,3.141499996185302734e+00
2.760000000000000231e-01,-1.593500018119812012e+00,-2.139286623398462872e+00,-9.010580887397130478e-01,4.053957864642143694e-01,1.570700049400329590e+00,3.141499996185302734e+00
2.780000000000000249e-01,-1.593500018119812012e+00,-2.138298845622274680e+00,-8.989812504914072022e-01,4.106379079322020065e-01,1.570700049400329590e+00,3.141499996185302734e+00
2.800000000000000266e-01,-1.593500018119812012e+00,-2.137311067846086488e+00,-8.969044122431013566e-01,4.158800294001897546e-01,1.570700049400329590e+00,3.141499996185302734e+00
2.820000000000000284e-01,-1.593500018119812012e+00,-2.136323290069897851e+00,-8.948275739947955110e-01,4.211221508681773917e-01,1.570700049400329590e+00,3.141499996185302734e+00
2.840000000000000302e-01,-1.593500018119812012e+00,-2.135335512293709659e+00,-8.927507357464896653e-01,4.263642723361651399e-01,1.570700049400329590e+00,3.141499996185302734e+00
2.860000000000000320e-01,-1.593500018119812012e+00,-2.134347734517521467e+00,-8.906738974981838197e-01,4.316063938041527770e-01,1.570700049400329590e+00,3.141499996185302734e+00
2.880000000000000338e-01,-1.593500018119812012e+00,-2.133359956741332830e+00,-8.885970592498779741e-01,4.368485152721405251e-01,1.570700049400329590e+00,3.141499996185302734e+00
2.899999999999999800e-01,-1.593500018119812012e+00,-2.132372178965144638e+00,-8.865202210015721285e-01,4.420906367401282733e-01,1.570700049400329590e+00,3.141499996185302734e+00
2.919999999999999818e-01,-1.593500018119812012e+00,-2.131384401188956446e+00,-8.844433827532662828e-01,4.473327582081159104e-01,1.570700049400329590e+00,3.141499996185302734e+00
2.939999999999999836e-01,-1.593500018119812012e+00,-2.130396623412768253e+00,-8.823665445049604372e-01,4.525748796761035475e-01,1.570700049400329590e+00,3.141499996185302734e+00
2.959999999999999853e-01,-1.593500018119812012e+00,-2.129408845636579617e+00,-8.802897062566545916e-01,4.578170011440912957e-01,1.570700049400329590e+00,3.141499996185302734e+00
2.979999999999999871e-01,-1.593500018119812012e+00,-2.128421067860391425e+00,-8.782128680083487460e-01,4.630591226120789328e-01,1.570700049400329590e+00,3.141499996185302734e+00
2.999999999999999889e-01,-1.593500018119812012e+00,-2.127433290084203232e+00,-8.761360297600427893e-01,4.683012440800666809e-01,1.570700049400329590e+00,3.141499996185302734e+00
3.019999999999999907e-01,-1.593500018119812012e+00,-2.126445512308014596e+00,-8.740591915117369437e-01,4.735433655480544290e-01,1.570700049400329590e+00,3.141499996185302734e+00
3.039999999999999925e-01,-1.593500018119812012e+00,-2.125457734531826404e+00,-8.719823532634312091e-01,4.787854870160420662e-01,1.570700049400329590e+00,3.141499996185302734e+00
3.059999999999999942e-01,-1.593500018119812012e+00,-2.124469956755638211e+00,-8.699055150151253635e-01,4.840276084840297033e-01,1.570700049400329590e+00,3.141499996185302734e+00
3.079999999999999960e-01,-1.593500018119812012e+00,-2.123482178979450019e+00,-8.678286767668195179e-01,4.892697299520174514e-01,1.570700049400329590e+00,3.141499996185302734e+00
3.099999999999999978e-01,-1.593500018119812012e+00,-2.122494401203261383e+00,-8.657518385185135612e-01,4.945118514200051996e-01,1.570700049400329590e+00,3.141499996185302734e+00
3.119999999999999996e-01,-1.593500018119812012e+00,-2.121506623427073190e+00,-8.636750002702077156e-01,4.997539728879928367e-01,1.570700049400329590e+00,3.141499996185302734e+00
3.140000000000000013e-01,-1.593500018119812012e+00,-2.120518845650884998e+00,-8.615981620219018700e-01,5.049960943559805848e-01,1.570700049400329590e+00,3.141499996185302734e+00
3.160000000000000031e-01,-1.593500018119812012e+00,-2.119531067874696362e+00,-8.595213237735960243e-01,5.102382158239682219e-01,1.570700049400329590e+00,3.141499996185302734e+00
3.180000000000000049e-01,-1.593500018119812012e+00,-2.118543290098508169e+00,-8.574444855252901787e-01,5.154803372919559701e-01,1.570700049400329590e+00,3.141499996185302734e+00
3.200000000000000067e-01,-1.593500018119812012e+00,-2.117555512322319977e+00,-8.553676472769843331e-01,5.207224587599436072e-01,1.570700049400329590e+00,3.141499996185302734e+00
3.220000000000000084e-01,-1.593500018119812012e+00,-2.116567734546131341e+00,-8.532908090286783764e-01,5.259645802279313553e-01,1.570700049400329590e+00,3.141499996185302734e+00
3.240000000000000102e-01,-1.593500018119812012e+00,-2.115579956769943148e+00,-8.512139707803725308e-01,5.312067016959191035e-01,1.570700049400329590e+00,3.141499996185302734e+00
3.260000000000000120e-01,-1.593500018119812012e+00,-2.114592178993754956e+00,-8.491371325320666852e-01,5.364488231639067406e-01,1.570700049400329590e+00,3.141499996185302734e+00
3.280000000000000138e-01,-1.593500018119812012e+00,-2.113604401217566764e+00,-8.470602942837609506e-01,5.416909446318943777e-01,1.570700049400329590e+00,3.141499996185302734e+00
3.300000000000000155e-01,-1.593500018119812012e+00,-2.112616623441378128e+00,-8.449834560354551050e-01,5.469330660998821259e-01,1.570700049400329590e+00,3.141499996185302734e+00
3.320000000000000173e-01,-1.593500018119812012e+00,-2.111628845665189935e+00,-8.429066177871491483e-01,5.521751875678698740e-01,1.570700049400329590e+00,3.141499996185302734e+00
3.340000000000000191e-01,-1.593500018119812012e+00,-2.110641067889001743e+00,-8.408297795388433027e-01,5.574173090358575111e-01,1.570700049400329590e+00,3.141499996185302734e+00
3.360000000000000209e-01,-1.593500018119812012e+00,-2.109653290112813107e+00,-8.387529412905374571e-01,5.626594305038452593e-01,1.570700049400329590e+00,3.141499996185302734e+00
3.380000000000000226e-01,-1.593500018119812012e+00,-2.108665512336624914e+00,-8.366761030422316114e-01,5.679015519718328964e-01,1.570700049400329590e+00,3.141499996185302734e+00
3.400000000000000244e-01,-1.593500018119812012e+00,-2.107677734560436722e+00,-8.345992647939257658e-01,5.731436734398205335e-01,1.570700049400329590e+00,3.141499996185302734e+00
3.420000000000000262e-01,-1.593500018119812012e+00,-2.106689956784248530e+00,-8.325224265456199202e-01,5.783857949078082816e-01,1.570700049400329590e+00,3.141499996185302734e+00
3.440000000000000280e-01,-1.593500018119812012e+00,-2.105702179008059893e+00,-8.304455882973140746e-01,5.836279163757960298e-01,1.570700049400329590e+00,3.141499996185302734e+00
3.460000000000000298e-01,-1.593500018119812012e+00,-2.104714401231871701e+00,-8.283687500490082289e-01,5.888700378437836669e-01,1.570700049400329590e+00,3.141499996185302734e+00
3.480000000000000315e-01,-1.593500018119812012e+00,-2.103726623455683509e+00,-8.262919118007023833e-01,5.941121593117714150e-01,1.570700049400329590e+00,3.141499996185302734e+00
3.500000000000000333e-01,-1.593500018119812012e+00,-2.102738845679494872e+00,-8.242150735523965377e-01,5.993542807797590521e-01,1.570700049400329590e+00,3.141499996185302734e+00
3.519999999999999796e-01,-1.593500018119812012e+00,-2.101751067903306680e+00,-8.221382353040906921e-01,6.045964022477468003e-01,1.570700049400329590e+00,3.141499996185302734e+00
3.539999999999999813e-01,-1.593500018119812012e+00,-2.100763290127118488e+00,-8.200613970557848464e-01,6.098385237157344374e-01,1.570700049400329590e+00,3.141499996185302734e+00
3.559999999999999831e-01,-1.593500018119812012e+00,-2.099775512350930295e+00,-8.179845588074790008e-01,6.150806451837221855e-01,1.570700049400329590e+00,3.141499996185302734e+00
3.579999999999999849e-01,-1.593500018119812012e+00,-2.098787734574741659e+00,-8.159077205591731552e-01,6.203227666517099337e-01,1.570700049400329590e+00,3.141499996185302734e+00
3.599999999999999867e-01,-1.593500018119812012e+00,-2.097799956798553467e+00,-8.138308823108673096e-01,6.255648881196975708e-01,1.570700049400329590e+00,3.141499996185302734e+00
3.619999999999999885e-01,-1.593500018119812012e+00,-2.096812179022365275e+00,-8.117540440625614639e-01,6.308070095876852079e-01,1.570700049400329590e+00,3.141499996185302734e+00
3.639999999999999902e-01,-1.593500018119812012e+00,-2.095824401246176638e+00,-8.096772058142556183e-01,6.360491310556729561e-01,1.570700049400329590e+00,3.141499996185302734e+00
3.659999999999999920e-01,-1.593500018119812012e+00,-2.094836623469988446e+00,-8.076003675659497727e-01,6.412912525236605932e-01,1.570700049400329590e+00,3.141499996185302734e+00
3.679999999999999938e-01,-1.593500018119812012e+00,-2.093848845693800254e+00,-8.055235293176439271e-01,6.465333739916482303e-01,1.570700049400329590e+00,3.141499996185302734e+00
3.699999999999999956e-01,-1.593500018119812012e+00,-2.092861067917612061e+00,-8.034466910693380814e-01,6.517754954596359784e-01,1.570700049400329590e+00,3.141499996185302734e+00
3.719999999999999973e-01,-1.593500018119812012e+00,-2.091873290141423425e+00,-8.013698528210322358e-01,6.570176169276238376e-01,1.570700049400329590e+00,3.141499996185302734e+00
3.739999999999999991e-01,-1.593500018119812012e+00,-2.090885512365235233e+00,-7.992930145727263902e-01,6.622597383956114747e-01,1.570700049400329590e+00,3.141499996185302734e+00
3.760000000000000009e-01,-1.593500018119812012e+00,-2.089897734589047040e+00,-7.972161763244205446e-01,6.675018598635992229e-01,1.570700049400329590e+00,3.141499996185302734e+00
3.780000000000000027e-01,-1.593500018119812012e+00,-2.088909956812858404e+00,-7.951393380761146989e-01,6.727439813315868600e-01,1.570700049400329590e+00,3.141499996185302734e+00
3.800000000000000044e-01,-1.593500018119812012e+00,-2.087922179036670212e+00,-7.930624998278088533e-01,6.779861027995746081e-01,1.570700049400329590e+00,3.141499996185302734e+00
3.820000000000000062e-01,-1.593500018119812012e+00,-2.086934401260482019e+00,-7.909856615795030077e-01,6.832282242675622452e-01,1.570700049400329590e+00,3.141499996185302734e+00
3.840000000000000080e-01,-1.593500018119812012e+00,-2.085946623484293827e+00,-7.889088233311971621e-01,6.884703457355498823e-01,1.570700049400329590e+00,3.141499996185302734e+00
3.860000000000000098e-01,-1.593500018119812012e+00,-2.084958845708105191e+00,-7.868319850828913165e-01,6.937124672035375195e-01,1.570700049400329590e+00,3.141499996185302734e+00
3.880000000000000115e-01,-1.593500018119812012e+00,-2.083971067931916998e+00,-7.847551468345854708e-01,6.989545886715253786e-01,1.570700049400329590e+00,3.141499996185302734e+00
3.900000000000000133e-01,-1.593500018119812012e+00,-2.082983290155728806e+00,-7.826783085862796252e-01,7.041967101395130157e-01,1.570700049400329590e+00,3.141499996185302734e+00
3.920000000000000151e-01,-1.593500018119812012e+00,-2.081995512379540170e+00,-7.806014703379737796e-01,7.094388316075006529e-01,1.570700049400329590e+00,3.141499996185302734e+00
3.940000000000000169e-01,-1.593500018119812012e+00,-2.081007734603351977e+00,-7.785246320896678229e-01,7.146809530754885120e-01,1.570700049400329590e+00,3.141499996185302734e+00
3.960000000000000187e-01,-1.593500018119812012e+00,-2.080019956827163785e+00,-7.764477938413619773e-01,7.199230745434761491e-01,1.570700049400329590e+00,3.141499996185302734e+00
3.980000000000000204e-01,-1.593500018119812012e+00,-2.079032179050975593e+00,-7.743709555930561317e-01,7.251651960114637863e-01,1.570700049400329590e+00,3.141499996185302734e+00
4.000000000000000222e-01,-1.593500018119812012e+00,-2.078044401274786956e+00,-7.722941173447502861e-01,7.304073174794516454e-01,1.570700049400329590e+00,3.141499996185302734e+00
4.020000000000000240e-01,-1.593500018119812012e+00,-2.077056623498598764e+00,-7.702172790964444404e-01,7.356494389474392825e-01,1.570700049400329590e+00,3.141499996185302734e+00
4.040000000000000258e-01,-1.593500018119812012e+00,-2.076068845722410572e+00,-7.681404408481385948e-01,7.408915604154269197e-01,1.570700049400329590e+00,3.141499996185302734e+00
4.060000000000000275e-01,-1.593500018119812012e+00,-2.075081067946221935e+00,-7.660636025998327492e-01,7.461336818834145568e-01,1.570700049400329590e+00,3.141499996185302734e+00
4.080000000000000293e-01,-1.593500018119812012e+00,-2.074093290170033743e+00,-7.639867643515269036e-01,7.513758033514021939e-01,1.570700049400329590e+00,3.141499996185302734e+00
4.100000000000000311e-01,-1.593500018119812012e+00,-2.073105512393845551e+00,-7.619099261032210579e-01,7.566179248193898310e-01,1.570700049400329590e+00,3.141499996185302734e+00
4.120000000000000329e-01,-1.593500018119812012e+00,-2.072117734617656915e+00,-7.598330878549152123e-01,7.618600462873776902e-01,1.570700049400329590e+00,3.141499996185302734e+00
4.140000000000000346e-01,-1.593500018119812012e+00,-2.071129956841468722e+00,-7.577562496066093667e-01,7.671021677553653273e-01,1.570700049400329590e+00,3.141499996185302734e+00
4.160000000000000364e-01,-1.593500018119812012e+00,-2.070142179065280530e+00,-7.556794113583035211e-01,7.723442892233529644e-01,1.570700049400329590e+00,3.141499996185302734e+00
4.179999999999999827e-01,-1.593500018119812012e+00,-2.069154401289092338e+00,-7.536025731099975644e-01,7.775864106913408236e-01,1.570700049400329590e+00,3.141499996185302734e+00
4.199999999999999845e-01,-1.593500018119812012e+00,-2.068166623512903701e+00,-7.515257348616917188e-01,7.828285321593284607e-01,1.570700049400329590e+00,3.141499996185302734e+00
4.219999999999999862e-01,-1.593500018119812012e+00,-2.067178845736715509e+00,-7.494488966133858732e-01,7.880706536273160978e-01,1.570700049400329590e+00,3.141499996185302734e+00
4.239999999999999880e-01,-1.593500018119812012e+00,-2.066191067960527317e+00,-7.473720583650800275e-01,7.933127750953039570e-01,1.570700049400329590e+00,3.141499996185302734e+00
4.259999999999999898e-01,-1.593500018119812012e+00,-2.065203290184338680e+00,-7.452952201167741819e-01,7.985548965632915941e-01,1.570700049400329590e+00,3.141499996185302734e+00
4.279999999999999916e-01,-1.593500018119812012e+00,-2.064215512408150488e+00,-7.432183818684683363e-01,8.037970180312792312e-01,1.570700049400329590e+00,3.141499996185302734e+00
4.299999999999999933e-01,-1.593500018119812012e+00,-2.063227734631962296e+00,-7.411415436201624907e-01,8.090391394992668683e-01,1.570700049400329590e+00,3.141499996185302734e+00
4.319999999999999951e-01,-1.593500018119812012e+00,-2.062239956855774103e+00,-7.390647053718566450e-01,8.142812609672545054e-01,1.570700049400329590e+00,3.141499996185302734e+00
4.339999999999999969e-01,-1.593500018119812012e+00,-2.061252179079585467e+00,-7.369878671235507994e-01,8.195233824352423646e-01,1.570700049400329590e+00,3.141499996185302734e+00
4.359999999999999987e-01,-1.593500018119812012e+00,-2.060264401303397275e+00,-7.349110288752449538e-01,8.247655039032300017e-01,1.570700049400329590e+00,3.141499996185302734e+00
4.380000000000000004e-01,-1.593500018119812012e+00,-2.059276623527209082e+00,-7.328341906269391082e-01,8.300076253712176388e-01,1.570700049400329590e+00,3.141499996185302734e+00
4.400000000000000022e-01,-1.593500018119812012e+00,-2.058288845751020446e+00,-7.307573523786332625e-01,8.352497468392054980e-01,1.570700049400329590e+00,3.141499996185302734e+00
4.420000000000000040e-01,-1.593500018119812012e+00,-2.057301067974832254e+00,-7.286805141303274169e-01,8.404918683071931351e-01,1.570700049400329590e+00,3.141499996185302734e+00
4.440000000000000058e-01,-1.593500018119812012e+00,-2.056313290198644061e+00,-7.266036758820215713e-01,8.457339897751807722e-01,1.570700049400329590e+00,3.141499996185302734e+00
4.460000000000000075e-01,-1.593500018119812012e+00,-2.055325512422455869e+00,-7.245268376337157257e-01,8.509761112431686314e-01,1.570700049400329590e+00,3.141499996185302734e+00
4.480000000000000093e-01,-1.593500018119812012e+00,-2.054337734646267233e+00,-7.224499993854098800e-01,8.562182327111562685e-01,1.570700049400329590e+00,3.141499996185302734e+00
4.500000000000000111e-01,-1.593500018119812012e+00,-2.053349956870079041e+00,-7.203731611371040344e-01,8.614603541791439056e-01,1.570700049400329590e+00,3.141499996185302734e+00
4.520000000000000129e-01,-1.593500018119812012e+00,-2.052362179093890848e+00,-7.182963228887981888e-01,8.667024756471315428e-01,1.570700049400329590e+00,3.141499996185302734e+00
4.540000000000000147e-01,-1.593500018119812012e+00,-2.051374401317702212e+00,-7.162194846404923432e-01,8.719445971151191799e-01,1.570700049400329590e+00,3.141499996185302734e+00
4.560000000000000164e-01,-1.593500018119812012e+00,-2.050386623541514020e+00,-7.141426463921864976e-01,8.771867185831070390e-01,1.570700049400329590e+00,3.141499996185302734e+00
4.580000000000000182e-01,-1.593500018119812012e+00,-2.049398845765325827e+00,-7.120658081438806519e-01,8.824288400510946762e-01,1.570700049400329590e+00,3.141499996185302734e+00
4.600000000000000200e-01,-1.593500018119812012e+00,-2.048411067989137635e+00,-7.099889698955748063e-01,8.876709615190823133e-01,1.570700049400329590e+00,3.141499996185302734e+00
4.620000000000000218e-01,-1.593500018119812012e+00,-2.047423290212948999e+00,-7.079121316472689607e-01,8.929130829870701724e-01,1.570700049400329590e+00,3.141499996185302734e+00
4.640000000000000235e-01,-1.593500018119812012e+00,-2.046435512436760806e+00,-7.058352933989631151e-01,8.981552044550578096e-01,1.570700049400329590e+00,3.141499996185302734e+00
4.660000000000000253e-01,-1.593500018119812012e+00,-2.045447734660572614e+00,-7.037584551506572694e-01,9.033973259230454467e-01,1.570700049400329590e+00,3.141499996185302734e+00
4.680000000000000271e-01,-1.593500018119812012e+00,-2.044459956884383978e+00,-7.016816169023514238e-01,9.086394473910333058e-01,1.570700049400329590e+00,3.141499996185302734e+00
4.700000000000000289e-01,-1.593500018119812012e+00,-2.043472179108195785e+00,-6.996047786540455782e-01,9.138815688590209430e-01,1.570700049400329590e+00,3.141499996185302734e+00
4.720000000000000306e-01,-1.593500018119812012e+00,-2.042484401332007593e+00,-6.975279404057397326e-01,9.191236903270085801e-01,1.570700049400329590e+00,3.141499996185302734e+00
4.740000000000000324e-01,-1.593500018119812012e+00,-2.041496623555819401e+00,-6.954511021574338869e-01,9.243658117949962172e-01,1.570700049400329590e+00,3.141499996185302734e+00
4.760000000000000342e-01,-1.593500018119812012e+00,-2.040508845779630764e+00,-6.933742639091280413e-01,9.296079332629838543e-01,1.570700049400329590e+00,3.141499996185302734e+00
4.780000000000000360e-01,-1.593500018119812012e+00,-2.039521068003442572e+00,-6.912974256608221957e-01,9.348500547309717135e-01,1.570700049400329590e+00,3.141499996185302734e+00
4.799999999999999822e-01,-1.593500018119812012e+00,-2.038533290227254380e+00,-6.892205874125163501e-01,9.400921761989593506e-01,1.570700049400329590e+00,3.141499996185302734e+00
4.819999999999999840e-01,-1.593500018119812012e+00,-2.037545512451065743e+00,-6.871437491642105044e-01,9.453342976669469877e-01,1.570700049400329590e+00,3.141499996185302734e+00
4.839999999999999858e-01,-1.593500018119812012e+00,-2.036557734674877551e+00,-6.850669109159045478e-01,9.505764191349348469e-01,1.570700049400329590e+00,3.141499996185302734e+00
4.859999999999999876e-01,-1.593500018119812012e+00,-2.035569956898689359e+00,-6.829900726675987022e-01,9.558185406029224840e-01,1.570700049400329590e+00,3.141499996185302734e+00
4.879999999999999893e-01,-1.593500018119812012e+00,-2.034582179122501167e+00,-6.809132344192928565e-01,9.610606620709101211e-01,1.570700049400329590e+00,3.141499996185302734e+00
4.899999999999999911e-01,-1.593500018119812012e+00,-2.033594401346312530e+00,-6.788363961709870109e-01,9.663027835388979803e-01,1.570700049400329590e+00,3.141499996185302734e+00
4.919999999999999929e-01,-1.593500018119812012e+00,-2.032606623570124338e+00,-6.767595579226811653e-01,9.715449050068856174e-01,1.570700049400329590e+00,3.141499996185302734e+00
4.939999999999999947e-01,-1.593500018119812012e+00,-2.031618845793936146e+00,-6.746827196743753197e-01,9.767870264748732545e-01,1.570700049400329590e+00,3.141499996185302734e+00
4.959999999999999964e-01,-1.593500018119812012e+00,-2.030631068017747509e+00,-6.726058814260694740e-01,9.820291479428608916e-01,1.570700049400329590e+00,3.141499996185302734e+00
4.979999999999999982e-01,-1.593500018119812012e+00,-2.029643290241559317e+00,-6.705290431777636284e-01,9.872712694108485287e-01,1.570700049400329590e+00,3.141499996185302734e+00
5.000000000000000000e-01,-1.593500018119812012e+00,-2.028655512465371125e+00,-6.684522049294577828e-01,9.925133908788361659e-01,1.570700049400329590e+00,3.141499996185302734e+00
5.020000000000000018e-01,-1.593500018119812012e+00,-2.027667734689182488e+00,-6.663753666811519372e-01,9.977555123468240250e-01,1.570700049400329590e+00,3.141499996185302734e+00
5.040000000000000036e-01,-1.593500018119812012e+00,-2.026679956912994296e+00,-6.642985284328460915e-01,1.002997633814811662e+00,1.570700049400329590e+00,3.141499996185302734e+00
5.060000000000000053e-01,-1.593500018119812012e+00,-2.025692179136806104e+00,-6.622216901845402459e-01,1.008239755282799299e+00,1.570700049400329590e+00,3.141499996185302734e+00
5.080000000000000071e-01,-1.593500018119812012e+00,-2.024704401360617911e+00,-6.601448519362342893e-01,1.013481876750787158e+00,1.570700049400329590e+00,3.141499996185302734e+00
5.100000000000000089e-01,-1.593500018119812012e+00,-2.023716623584429275e+00,-6.580680136879284436e-01,1.018723998218774796e+00,1.570700049400329590e+00,3.141499996185302734e+00
5.120000000000000107e-01,-1.593500018119812012e+00,-2.022728845808241083e+00,-6.559911754396225980e-01,1.023966119686762433e+00,1.570700049400329590e+00,3.141499996185302734e+00
5.140000000000000124e-01,-1.593500018119812012e+00,-2.021741068032052890e+00,-6.539143371913167524e-01,1.029208241154750292e+00,1.570700049400329590e+00,3.141499996185302734e+00
5.160000000000000142e-01,-1.593500018119812012e+00,-2.020753290255864698e+00,-6.518374989430109068e-01,1.034450362622737929e+00,1.570700049400329590e+00,3.141499996185302734e+00
5.180000000000000160e-01,-1.593500018119812012e+00,-2.019765512479676062e+00,-6.497606606947051722e-01,1.039692484090725566e+00,1.570700049400329590e+00,3.141499996185302734e+00
5.200000000000000178e-01,-1.593500018119812012e+00,-2.018777734703487869e+00,-6.476838224463993265e-01,1.044934605558713203e+00,1.570700049400329590e+00,3.141499996185302734e+00
5.220000000000000195e-01,-1.593500018119812012e+00,-2.017789956927299677e+00,-6.456069841980934809e-01,1.050176727026700840e+00,1.570700049400329590e+00,3.141499996185302734e+00
5.240000000000000213e-01,-1.593500018119812012e+00,-2.016802179151111041e+00,-6.435301459497876353e-01,1.055418848494688699e+00,1.570700049400329590e+00,3.141499996185302734e+00
5.260000000000000231e-01,-1.593500018119812012e+00,-2.015814401374922848e+00,-6.414533077014817897e-01,1.060660969962676337e+00,1.570700049400329590e+00,3.141499996185302734e+00
5.280000000000000249e-01,-1.593500018119812012e+00,-2.014826623598734656e+00,-6.393764694531759440e-01,1.065903091430663974e+00,1.570700049400329590e+00,3.141499996185302734e+00
5.300000000000000266e-01,-1.593500018119812012e+00,-2.013838845822546020e+00,-6.372996312048699874e-01,1.071145212898651833e+00,1.570700049400329590e+00,3.141499996185302734e+00
5.320000000000000284e-01,-1.593500018119812012e+00,-2.012851068046357828e+00,-6.352227929565641418e-01,1.076387334366639470e+00,1.570700049400329590e+00,3.141499996185302734e+00
5.340000000000000302e-01,-1.593500018119812012e+00,-2.011863290270169635e+00,-6.331459547082582962e-01,1.081629455834627107e+00,1.570700049400329590e+00,3.141499996185302734e+00
5.360000000000000320e-01,-1.593500018119812012e+00,-2.010875512493980999e+00,-6.310691164599524505e-01,1.086871577302614966e+00,1.570700049400329590e+00,3.141499996185302734e+00
5.380000000000000338e-01,-1.593500018119812012e+00,-2.009887734717792807e+00,-6.289922782116466049e-01,1.092113698770602603e+00,1.570700049400329590e+00,3.141499996185302734e+00
5.400000000000000355e-01,-1.593500018119812012e+00,-2.008899956941604614e+00,-6.269154399633407593e-01,1.097355820238590240e+00,1.570700049400329590e+00,3.141499996185302734e+00
5.420000000000000373e-01,-1.593500018119812012e+00,-2.007912179165416422e+00,-6.248386017150349137e-01,1.102597941706577878e+00,1.570700049400329590e+00,3.141499996185302734e+00
5.440000000000000391e-01,-1.593500018119812012e+00,-2.006924401389228230e+00,-6.227617634667290680e-01,1.107840063174565515e+00,1.570700049400329590e+00,3.141499996185302734e+00
5.460000000000000409e-01,-1.593500018119812012e+00,-2.005936623613039593e+00,-6.206849252184232224e-01,1.113082184642553374e+00,1.570700049400329590e+00,3.141499996185302734e+00
5.480000000000000426e-01,-1.593500018119812012e+00,-2.004948845836851401e+00,-6.186080869701173768e-01,1.118324306110541011e+00,1.570700049400329590e+00,3.141499996185302734e+00
5.500000000000000444e-01,-1.593500018119812012e+00,-2.003961068060663209e+00,-6.165312487218115312e-01,1.123566427578528648e+00,1.570700049400329590e+00,3.141499996185302734e+00
5.520000000000000462e-01,-1.593500018119812012e+00,-2.002973290284474572e+00,-6.144544104735055745e-01,1.128808549046516507e+00,1.570700049400329590e+00,3.141499996185302734e+00
5.540000000000000480e-01,-1.593500018119812012e+00,-2.001985512508286380e+00,-6.123775722251997289e-01,1.134050670514504144e+00,1.570700049400329590e+00,3.141499996185302734e+00
5.560000000000000497e-01,-1.593500018119812012e+00,-2.000997734732098188e+00,-6.103007339768938833e-01,1.139292791982491782e+00,1.570700049400329590e+00,3.141499996185302734e+00
5.580000000000000515e-01,-1.593500018119812012e+00,-2.000009956955909551e+00,-6.082238957285880376e-01,1.144534913450479641e+00,1.570700049400329590e+00,3.141499996185302734e+00
5.600000000000000533e-01,-1.593500018119812012e+00,-1.999022179179721359e+00,-6.061470574802821920e-01,1.149777034918467278e+00,1.570700049400329590e+00,3.141499996185302734e+00
5.620000000000000551e-01,-1.593500018119812012e+00,-1.998034401403533167e+00,-6.040702192319763464e-01,1.155019156386454915e+00,1.570700049400329590e+00,3.141499996185302734e+00
5.640000000000000568e-01,-1.593500018119812012e+00,-1.997046623627344752e+00,-6.019933809836706118e-01,1.160261277854442552e+00,1.570700049400329590e+00,3.141499996185302734e+00
5.660000000000000586e-01,-1.593500018119812012e+00,-1.996058845851156338e+00,-5.999165427353647662e-01,1.165503399322430189e+00,1.570700049400329590e+00,3.141499996185302734e+00
5.680000000000000604e-01,-1.593500018119812012e+00,-1.995071068074968146e+00,-5.978397044870589205e-01,1.170745520790418048e+00,1.570700049400329590e+00,3.141499996185302734e+00
5.700000000000000622e-01,-1.593500018119812012e+00,-1.994083290298779954e+00,-5.957628662387530749e-01,1.175987642258405685e+00,1.570700049400329590e+00,3.141499996185302734e+00
5.720000000000000639e-01,-1.593500018119812012e+00,-1.993095512522591539e+00,-5.936860279904472293e-01,1.181229763726393323e+00,1.570700049400329590e+00,3.141499996185302734e+00
5.740000000000000657e-01,-1.593500018119812012e+00,-1.992107734746403125e+00,-5.916091897421412726e-01,1.186471885194381182e+00,1.570700049400329590e+00,3.141499996185302734e+00
5.760000000000000675e-01,-1.593500018119812012e+00,-1.991119956970214933e+00,-5.895323514938354270e-01,1.191714006662368819e+00,1.570700049400329590e+00,3.141499996185302734e+00
5.779999999999999583e-01,-1.593500018119812012e+00,-1.990132179194026518e+00,-5.874555132455295814e-01,1.196956128130356456e+00,1.570700049400329590e+00,3.141499996185302734e+00
5.799999999999999600e-01,-1.593500018119812012e+00,-1.989144401417838104e+00,-5.853786749972237358e-01,1.202198249598344315e+00,1.570700049400329590e+00,3.141499996185302734e+00
5.819999999999999618e-01,-1.593500018119812012e+00,-1.988156623641649912e+00,-5.833018367489178901e-01,1.207440371066331952e+00,1.570700049400329590e+00,3.141499996185302734e+00
5.839999999999999636e-01,-1.593500018119812012e+00,-1.987168845865461497e+00,-5.812249985006120445e-01,1.212682492534319589e+00,1.570700049400329590e+00,3.141499996185302734e+00
5.859999999999999654e-01,-1.593500018119812012e+00,-1.986181068089273305e+00,-5.791481602523061989e-01,1.217924614002307226e+00,1.570700049400329590e+00,3.141499996185302734e+00
5.879999999999999671e-01,-1.593500018119812012e+00,-1.985193290313084891e+00,-5.770713220040003533e-01,1.223166735470294864e+00,1.570700049400329590e+00,3.141499996185302734e+00
5.899999999999999689e-01,-1.593500018119812012e+00,-1.984205512536896698e+00,-5.749944837556945076e-01,1.228408856938282501e+00,1.570700049400329590e+00,3.141499996185302734e+00
5.919999999999999707e-01,-1.593500018119812012e+00,-1.983217734760708284e+00,-5.729176455073886620e-01,1.233650978406270360e+00,1.570700049400329590e+00,3.141499996185302734e+00
5.939999999999999725e-01,-1.593500018119812012e+00,-1.982229956984519870e+00,-5.708408072590828164e-01,1.238893099874257997e+00,1.570700049400329590e+00,3.141499996185302734e+00
5.959999999999999742e-01,-1.593500018119812012e+00,-1.981242179208331677e+00,-5.687639690107769708e-01,1.244135221342245634e+00,1.570700049400329590e+00,3.141499996185302734e+00
5.979999999999999760e-01,-1.593500018119812012e+00,-1.980254401432143263e+00,-5.666871307624710141e-01,1.249377342810233493e+00,1.570700049400329590e+00,3.141499996185302734e+00
5.999999999999999778e-01,-1.593500018119812012e+00,-1.979266623655954849e+00,-5.646102925141651685e-01,1.254619464278221130e+00,1.570700049400329590e+00,3.141499996185302734e+00
6.019999999999999796e-01,-1.593500018119812012e+00,-1.978278845879766656e+00,-5.625334542658593229e-01,1.259861585746208767e+00,1.570700049400329590e+00,3.141499996185302734e+00
6.039999999999999813e-01,-1.593500018119812012e+00,-1.977291068103578464e+00,-5.604566160175534772e-01,1.265103707214196627e+00,1.570700049400329590e+00,3.141499996185302734e+00
6.059999999999999831e-01,-1.593500018119812012e+00,-1.976303290327390050e+00,-5.583797777692476316e-01,1.270345828682184264e+00,1.570700049400329590e+00,3.141499996185302734e+00
6.079999999999999849e-01,-1.593500018119812012e+00,-1.975315512551201635e+00,-5.563029395209418970e-01,1.275587950150171901e+00,1.570700049400329590e+00,3.141499996185302734e+00
6.099999999999999867e-01,-1.593500018119812012e+00,-1.974327734775013443e+00,-5.542261012726360514e-01,1.280830071618159538e+00,1.570700049400329590e+00,3.141499996185302734e+00
6.119999999999999885e-01,-1.593500018119812012e+00,-1.973339956998825029e+00,-5.521492630243302058e-01,1.286072193086147175e+00,1.570700049400329590e+00,3.141499996185302734e+00
6.139999999999999902e-01,-1.593500018119812012e+00,-1.972352179222636837e+00,-5.500724247760243601e-01,1.291314314554135034e+00,1.570700049400329590e+00,3.141499996185302734e+00
6.159999999999999920e-01,-1.593500018119812012e+00,-1.971364401446448422e+00,-5.479955865277185145e-01,1.296556436022122671e+00,1.570700049400329590e+00,3.141499996185302734e+00
6.179999999999999938e-01,-1.593500018119812012e+00,-1.970376623670260230e+00,-5.459187482794126689e-01,1.301798557490110309e+00,1.570700049400329590e+00,3.141499996185302734e+00
6.199999999999999956e-01,-1.593500018119812012e+00,-1.969388845894071816e+00,-5.438419100311067123e-01,1.307040678958098168e+00,1.570700049400329590e+00,3.141499996185302734e+00
6.219999999999999973e-01,-1.593500018119812012e+00,-1.968401068117883401e+00,-5.417650717828008666e-01,1.312282800426085805e+00,1.570700049400329590e+00,3.141499996185302734e+00
6.239999999999999991e-01,-1.593500018119812012e+00,-1.967413290341695209e+00,-5.396882335344950210e-01,1.317524921894073442e+00,1.570700049400329590e+00,3.141499996185302734e+00
6.260000000000000009e-01,-1.593500018119812012e+00,-1.966425512565506795e+00,-5.376113952861891754e-01,1.322767043362061301e+00,1.570700049400329590e+00,3.141499996185302734e+00
6.280000000000000027e-01,-1.593500018119812012e+00,-1.965437734789318380e+00,-5.355345570378833298e-01,1.328009164830048938e+00,1.570700049400329590e+00,3.141499996185302734e+00
6.300000000000000044e-01,-1.593500018119812012e+00,-1.964449957013130188e+00,-5.334577187895774841e-01,1.333251286298036575e+00,1.570700049400329590e+00,3.141499996185302734e+00
6.320000000000000062e-01,-1.593500018119812012e+00,-1.963462179236941996e+00,-5.313808805412716385e-01,1.338493407766024212e+00,1.570700049400329590e+00,3.141499996185302734e+00
6.340000000000000080e-01,-1.593500018119812012e+00,-1.962474401460753581e+00,-5.293040422929657929e-01,1.343735529234011850e+00,1.570700049400329590e+00,3.141499996185302734e+00
6.360000000000000098e-01,-1.593500018119812012e+00,-1.961486623684565167e+00,-5.272272040446599473e-01,1.348977650701999709e+00,1.570700049400329590e+00,3.141499996185302734e+00
6.380000000000000115e-01,-1.593500018119812012e+00,-1.960498845908376975e+00,-5.251503657963541016e-01,1.354219772169987346e+00,1.570700049400329590e+00,3.141499996185302734e+00
6.400000000000000133e-01,-1.593500018119812012e+00,-1.959511068132188560e+00,-5.230735275480482560e-01,1.359461893637974983e+00,1.570700049400329590e+00,3.141499996185302734e+00
6.420000000000000151e-01,-1.593500018119812012e+00,-1.958523290356000146e+00,-5.209966892997422994e-01,1.364704015105962842e+00,1.570700049400329590e+00,3.141499996185302734e+00
6.440000000000000169e-01,-1.593500018119812012e+00,-1.957535512579811954e+00,-5.189198510514364537e-01,1.369946136573950479e+00,1.570700049400329590e+00,3.141499996185302734e+00
6.460000000000000187e-01,-1.593500018119812012e+00,-1.956547734803623539e+00,-5.168430128031306081e-01,1.375188258041938116e+00,1.570700049400329590e+00,3.141499996185302734e+00
6.480000000000000204e-01,-1.593500018119812012e+00,-1.955559957027435347e+00,-5.147661745548247625e-01,1.380430379509925976e+00,1.570700049400329590e+00,3.141499996185302734e+00
6.500000000000000222e-01,-1.593500018119812012e+00,-1.954572179251246933e+00,-5.126893363065189169e-01,1.385672500977913613e+00,1.570700049400329590e+00,3.141499996185302734e+00
6.520000000000000240e-01,-1.593500018119812012e+00,-1.953584401475058741e+00,-5.106124980582130712e-01,1.390914622445901250e+00,1.570700049400329590e+00,3.141499996185302734e+00
6.540000000000000258e-01,-1.593500018119812012e+00,-1.952596623698870326e+00,-5.085356598099073366e-01,1.396156743913888887e+00,1.570700049400329590e+00,3.141499996185302734e+00
6.560000000000000275e-01,-1.593500018119812012e+00,-1.951608845922681912e+00,-5.064588215616014910e-01,1.401398865381876524e+00,1.570700049400329590e+00,3.141499996185302734e+00
6.580000000000000293e-01,-1.593500018119812012e+00,-1.950621068146493720e+00,-5.043819833132956454e-01,1.406640986849864383e+00,1.570700049400329590e+00,3.141499996185302734e+00
6.600000000000000311e-01,-1.593500018119812012e+00,-1.949633290370305527e+00,-5.023051450649897998e-01,1.411883108317852020e+00,1.570700049400329590e+00,3.141499996185302734e+00
6.620000000000000329e-01,-1.593500018119812012e+00,-1.948645512594117113e+00,-5.002283068166839541e-01,1.417125229785839657e+00,1.570700049400329590e+00,3.141499996185302734e+00
6.640000000000000346e-01,-1.593500018119812012e+00,-1.947657734817928699e+00,-4.981514685683779975e-01,1.422367351253827517e+00,1.570700049400329590e+00,3.141499996185302734e+00
6.660000000000000364e-01,-1.593500018119812012e+00,-1.946669957041740506e+00,-4.960746303200721519e-01,1.427609472721815154e+00,1.570700049400329590e+00,3.141499996185302734e+00
6.680000000000000382e-01,-1.593500018119812012e+00,-1.945682179265552092e+00,-4.939977920717663062e-01,1.432851594189802791e+00,1.570700049400329590e+00,3.141499996185302734e+00
6.700000000000000400e-01,-1.593500018119812012e+00,-1.944694401489363678e+00,-4.919209538234604606e-01,1.438093715657790650e+00,1.570700049400329590e+00,3.141499996185302734e+00
6.720000000000000417e-01,-1.593500018119812012e+00,-1.943706623713175485e+00,-4.898441155751546150e-01,1.443335837125778287e+00,1.570700049400329590e+00,3.141499996185302734e+00
6.740000000000000435e-01,-1.593500018119812012e+00,-1.942718845936987071e+00,-4.877672773268487694e-01,1.448577958593765924e+00,1.570700049400329590e+00,3.141499996185302734e+00
6.760000000000000453e-01,-1.593500018119812012e+00,-1.941731068160798879e+00,-4.856904390785429237e-01,1.453820080061753561e+00,1.570700049400329590e+00,3.141499996185302734e+00
6.780000000000000471e-01,-1.593500018119812012e+00,-1.940743290384610464e+00,-4.836136008302370781e-01,1.459062201529741198e+00,1.570700049400329590e+00,3.141499996185302734e+00
6.800000000000000488e-01,-1.593500018119812012e+00,-1.939755512608422272e+00,-4.815367625819312325e-01,1.464304322997728836e+00,1.570700049400329590e+00,3.141499996185302734e+00
6.820000000000000506e-01,-1.593500018119812012e+00,-1.938767734832233858e+00,-4.794599243336253869e-01,1.469546444465716695e+00,1.570700049400329590e+00,3.141499996185302734e+00
6.840000000000000524e-01,-1.593500018119812012e+00,-1.937779957056045443e+00,-4.773830860853195412e-01,1.474788565933704332e+00,1.570700049400329590e+00,3.141499996185302734e+00
6.860000000000000542e-01,-1.593500018119812012e+00,-1.936792179279857251e+00,-4.753062478370136956e-01,1.480030687401691969e+00,1.570700049400329590e+00,3.141499996185302734e+00
6.880000000000000560e-01,-1.593500018119812012e+00,-1.935804401503668837e+00,-4.732294095887077390e-01,1.485272808869679828e+00,1.570700049400329590e+00,3.141499996185302734e+00
6.900000000000000577e-01,-1.593500018119812012e+00,-1.934816623727480422e+00,-4.711525713404018934e-01,1.490514930337667465e+00,1.570700049400329590e+00,3.141499996185302734e+00
6.920000000000000595e-01,-1.593500018119812012e+00,-1.933828845951292230e+00,-4.690757330920960477e-01,1.495757051805655102e+00,1.570700049400329590e+00,3.141499996185302734e+00
6.940000000000000613e-01,-1.593500018119812012e+00,-1.932841068175104038e+00,-4.669988948437902021e-01,1.500999173273642961e+00,1.570700049400329590e+00,3.141499996185302734e+00
6.960000000000000631e-01,-1.593500018119812012e+00,-1.931853290398915624e+00,-4.649220565954843565e-01,1.506241294741630599e+00,1.570700049400329590e+00,3.141499996185302734e+00
6.980000000000000648e-01,-1.593500018119812012e+00,-1.930865512622727209e+00,-4.628452183471786219e-01,1.511483416209618236e+00,1.570700049400329590e+00,3.141499996185302734e+00
7.000000000000000666e-01,-1.593500018119812012e+00,-1.929877734846539017e+00,-4.607683800988727763e-01,1.516725537677605873e+00,1.570700049400329590e+00,3.141499996185302734e+00
7.020000000000000684e-01,-1.593500018119812012e+00,-1.928889957070350603e+00,-4.586915418505669306e-01,1.521967659145593510e+00,1.570700049400329590e+00,3.141499996185302734e+00
7.039999999999999591e-01,-1.593500018119812012e+00,-1.927902179294162410e+00,-4.566147036022610850e-01,1.527209780613581369e+00,1.570700049400329590e+00,3.141499996185302734e+00
7.059999999999999609e-01,-1.593500018119812012e+00,-1.926914401517973996e+00,-4.545378653539552394e-01,1.532451902081569006e+00,1.570700049400329590e+00,3.141499996185302734e+00
7.079999999999999627e-01,-1.593500018119812012e+00,-1.925926623741785804e+00,-4.524610271056493938e-01,1.537694023549556643e+00,1.570700049400329590e+00,3.141499996185302734e+00
7.099999999999999645e-01,-1.593500018119812012e+00,-1.924938845965597389e+00,-4.503841888573434371e-01,1.542936145017544503e+00,1.570700049400329590e+00,3.141499996185302734e+00
7.119999999999999662e-01,-1.593500018119812012e+00,-1.923951068189408975e+00,-4.483073506090375915e-01,1.548178266485532140e+00,1.570700049400329590e+00,3.141499996185302734e+00
7.139999999999999680e-01,-1.593500018119812012e+00,-1.922963290413220783e+00,-4.462305123607317459e-01,1.553420387953519777e+00,1.570700049400329590e+00,3.141499996185302734e+00
7.159999999999999698e-01,-1.593500018119812012e+00,-1.921975512637032368e+00,-4.441536741124259002e-01,1.558662509421507636e+00,1.570700049400329590e+00,3.141499996185302734e+00
7.179999999999999716e-01,-1.593500018119812012e+00,-1.920987734860843954e+00,-4.420768358641200546e-01,1.563904630889495273e+00,1.570700049400329590e+00,3.141499996185302734e+00
7.199999999999999734e-01,-1.593500018119812012e+00,-1.919999957084655762e+00,-4.399999976158142090e-01,1.569146752357482910e+00,1.570700049400329590e+00,3.141499996185302734e+00
