0.000000,-1.593500,-2.275600,-1.187662,-0.318017,1.570700,3.141500
0.000000,-1.593500,-2.275600,-1.187662,-0.318017,1.570700,3.141500
0.002000,-1.593500,-2.275600,-1.185562,-0.318017,1.570700,3.141500
0.002000,-1.593500,-2.275600,-1.185562,-0.318017,1.570700,3.141500
0.004000,-1.593500,-2.275600,-1.177644,-0.311646,1.570700,3.141500
0.004000,-1.593500,-2.275600,-1.177644,-0.311646,1.570700,3.141500
0.006000,-1.593500,-2.272255,-1.168219,-0.311646,1.570700,3.141500
0.006000,-1.593500,-2.272255,-1.168219,-0.311646,1.570700,3.141500
0.008000,-1.593500,-2.272255,-1.164411,-0.302222,1.570700,3.141500
0.008000,-1.593500,-2.272255,-1.164411,-0.302222,1.570700,3.141500
0.010000,-1.593500,-2.269540,-1.164411,-0.292797,1.570700,3.141500
0.010000,-1.593500,-2.269540,-1.164411,-0.292797,1.570700,3.141500
0.012000,-1.593500,-2.266954,-1.154986,-0.283372,1.570700,3.141500
0.012000,-1.593500,-2.266954,-1.154986,-0.283372,1.570700,3.141500
0.014000,-1.593500,-2.266954,-1.145562,-0.273947,1.570700,3.141500
0.014000,-1.593500,-2.266954,-1.145562,-0.273947,1.570700,3.141500
0.016000,-1.593500,-2.266954,-1.143881,-0.273947,1.570700,3.141500
0.016000,-1.593500,-2.266954,-1.143881,-0.273947,1.570700,3.141500
0.018000,-1.593500,-2.266954,-1.143881,-0.273947,1.570700,3.141500
0.018000,-1.593500,-2.266954,-1.143881,-0.273947,1.570700,3.141500
0.020000,-1.593500,-2.259565,-1.141343,-0.271310,1.570700,3.141500
0.020000,-1.593500,-2.259565,-1.141343,-0.271310,1.570700,3.141500
0.022000,-1.593500,-2.259565,-1.131918,-0.268201,1.570700,3.141500
0.022000,-1.593500,-2.259565,-1.131918,-0.268201,1.570700,3.141500
0.024000,-1.593500,-2.259565,-1.123096,-0.268201,1.570700,3.141500
0.024000,-1.593500,-2.259565,-1.123096,-0.268201,1.570700,3.141500
0.026000,-1.593500,-2.259565,-1.123096,-0.268201,1.570700,3.141500
0.026000,-1.593500,-2.259565,-1.123096,-0.268201,1.570700,3.141500
0.028000,-1.593500,-2.259565,-1.123096,-0.268201,1.570700,3.141500
0.028000,-1.593500,-2.259565,-1.123096,-0.268201,1.570700,3.141500
0.030000,-1.593500,-2.259565,-1.120319,-0.258776,1.570700,3.141500
0.030000,-1.593500,-2.259565,-1.120319,-0.258776,1.570700,3.141500
0.032000,-1.593500,-2.259565,-1.115381,-0.253035,1.570700,3.141500
0.032000,-1.593500,-2.259565,-1.115381,-0.253035,1.570700,3.141500
0.034000,-1.593500,-2.259565,-1.114293,-0.253035,1.570700,3.141500
0.034000,-1.593500,-2.259565,-1.114293,-0.253035,1.570700,3.141500
0.036000,-1.593500,-2.259565,-1.109614,-0.243610,1.570700,3.141500
0.036000,-1.593500,-2.259565,-1.109614,-0.243610,1.570700,3.141500
0.038000,-1.593500,-2.253806,-1.109614,-0.236767,1.570700,3.141500
0.038000,-1.593500,-2.253806,-1.109614,-0.236767,1.570700,3.141500
0.040000,-1.593500,-2.250389,-1.109614,-0.229432,1.570700,3.141500
0.040000,-1.593500,-2.250389,-1.109614,-0.229432,1.570700,3.141500
0.042000,-1.593500,-2.250389,-1.100189,-0.227065,1.570700,3.141500
0.042000,-1.593500,-2.250389,-1.100189,-0.227065,1.570700,3.141500
0.044000,-1.593500,-2.250389,-1.098126,-0.220360,1.570700,3.141500
0.044000,-1.593500,-2.250389,-1.098126,-0.220360,1.570700,3.141500
0.046000,-1.593500,-2.250389,-1.094776,-0.213547,1.570700,3.141500
0.046000,-1.593500,-2.250389,-1.094776,-0.213547,1.570700,3.141500
0.048000,-1.593500,-2.248450,-1.089852,-0.209162,1.570700,3.141500
0.048000,-1.593500,-2.248450,-1.089852,-0.209162,1.570700,3.141500
0.050000,-1.593500,-2.239025,-1.084025,-0.209162,1.570700,3.141500
0.050000,-1.593500,-2.239025,-1.084025,-0.209162,1.570700,3.141500
0.052000,-1.593500,-2.239025,-1.081196,-0.199737,1.570700,3.141500
0.052000,-1.593500,-2.239025,-1.081196,-0.199737,1.570700,3.141500
0.054000,-1.593500,-2.239025,-1.077993,-0.190312,1.570700,3.141500
0.054000,-1.593500,-2.239025,-1.077993,-0.190312,1.570700,3.141500
0.056000,-1.593500,-2.239025,-1.068568,-0.190312,1.570700,3.141500
0.056000,-1.593500,-2.239025,-1.068568,-0.190312,1.570700,3.141500
0.058000,-1.593500,-2.233846,-1.062516,-0.187776,1.570700,3.141500
0.058000,-1.593500,-2.233846,-1.062516,-0.187776,1.570700,3.141500
0.060000,-1.593500,-2.233846,-1.053154,-0.180517,1.570700,3.141500
0.060000,-1.593500,-2.233846,-1.053154,-0.180517,1.570700,3.141500
0.062000,-1.593500,-2.233846,-1.047086,-0.176585,1.570700,3.141500
0.062000,-1.593500,-2.233846,-1.047086,-0.176585,1.570700,3.141500
0.064000,-1.593500,-2.226882,-1.042790,-0.176585,1.570700,3.141500
0.064000,-1.593500,-2.226882,-1.042790,-0.176585,1.570700,3.141500
0.066000,-1.593500,-2.226882,-1.042790,-0.176585,1.570700,3.141500
0.066000,-1.593500,-2.226882,-1.042790,-0.176585,1.570700,3.141500
0.068000,-1.593500,-2.226211,-1.039856,-0.176585,1.570700,3.141500
0.068000,-1.593500,-2.226211,-1.039856,-0.176585,1.570700,3.141500
0.070000,-1.593500,-2.222697,-1.035645,-0.167160,1.570700,3.141500
0.070000,-1.593500,-2.222697,-1.035645,-0.167160,1.570700,3.141500
0.072000,-1.593500,-2.222697,-1.035645,-0.159677,1.570700,3.141500
0.072000,-1.593500,-2.222697,-1.035645,-0.159677,1.570700,3.141500
0.074000,-1.593500,-2.213552,-1.035645,-0.159677,1.570700,3.141500
0.074000,-1.593500,-2.213552,-1.035645,-0.159677,1.570700,3.141500
0.076000,-1.593500,-2.207344,-1.035645,-0.153160,1.570700,3.141500
0.076000,-1.593500,-2.207344,-1.035645,-0.153160,1.570700,3.141500
0.078000,-1.593500,-2.203357,-1.035645,-0.153160,1.570700,3.141500
0.078000,-1.593500,-2.203357,-1.035645,-0.153160,1.570700,3.141500
0.080000,-1.593500,-2.198568,-1.034081,-0.153160,1.570700,3.141500
0.080000,-1.593500,-2.198568,-1.034081,-0.153160,1.570700,3.141500
0.082000,-1.593500,-2.192655,-1.034081,-0.146141,1.570700,3.141500
0.082000,-1.593500,-2.192655,-1.034081,-0.146141,1.570700,3.141500
0.084000,-1.593500,-2.186931,-1.034081,-0.146141,1.570700,3.141500
0.084000,-1.593500,-2.186931,-1.034081,-0.146141,1.570700,3.141500
0.086000,-1.593500,-2.186931,-1.032562,-0.136716,1.570700,3.141500
0.086000,-1.593500,-2.186931,-1.032562,-0.136716,1.570700,3.141500
0.088000,-1.593500,-2.183791,-1.032562,-0.127291,1.570700,3.141500
0.088000,-1.593500,-2.183791,-1.032562,-0.127291,1.570700,3.141500
0.090000,-1.593500,-2.183791,-1.027070,-0.127291,1.570700,3.141500
0.090000,-1.593500,-2.183791,-1.027070,-0.127291,1.570700,3.141500
0.092000,-1.593500,-2.183791,-1.027070,-0.127291,1.570700,3.141500
0.092000,-1.593500,-2.183791,-1.027070,-0.127291,1.570700,3.141500
0.094000,-1.593500,-2.174366,-1.024507,-0.117866,1.570700,3.141500
0.094000,-1.593500,-2.174366,-1.024507,-0.117866,1.570700,3.141500
0.096000,-1.593500,-2.174366,-1.024507,-0.108441,1.570700,3.141500
0.096000,-1.593500,-2.174366,-1.024507,-0.108441,1.570700,3.141500
0.098000,-1.593500,-2.174366,-1.017542,-0.108441,1.570700,3.141500
0.098000,-1.593500,-2.174366,-1.017542,-0.108441,1.570700,3.141500
0.100000,-1.593500,-2.174366,-1.017542,-0.099017,1.570700,3.141500
0.100000,-1.593500,-2.174366,-1.017542,-0.099017,1.570700,3.141500
0.102000,-1.593500,-2.174366,-1.017542,-0.089592,1.570700,3.141500
0.102000,-1.593500,-2.174366,-1.017542,-0.089592,1.570700,3.141500
0.104000,-1.593500,-2.173849,-1.011020,-0.080167,1.570700,3.141500
0.104000,-1.593500,-2.173849,-1.011020,-0.080167,1.570700,3.141500
0.106000,-1.593500,-2.170489,-1.011020,-0.080167,1.570700,3.141500
0.106000,-1.593500,-2.170489,-1.011020,-0.080167,1.570700,3.141500
0.108000,-1.593500,-2.170489,-1.009954,-0.072054,1.570700,3.141500
0.108000,-1.593500,-2.170489,-1.009954,-0.072054,1.570700,3.141500
0.110000,-1.593500,-2.170489,-1.004759,-0.066846,1.570700,3.141500
0.110000,-1.593500,-2.170489,-1.004759,-0.066846,1.570700,3.141500
0.112000,-1.593500,-2.170489,-1.004759,-0.060605,1.570700,3.141500
0.112000,-1.593500,-2.170489,-1.004759,-0.060605,1.570700,3.141500
0.114000,-1.593500,-2.170489,-1.004759,-0.060605,1.570700,3.141500
0.114000,-1.593500,-2.170489,-1.004759,-0.060605,1.570700,3.141500
0.116000,-1.593500,-2.170489,-1.003998,-0.051180,1.570700,3.141500
0.116000,-1.593500,-2.170489,-1.003998,-0.051180,1.570700,3.141500
0.118000,-1.593500,-2.170489,-1.003998,-0.044345,1.570700,3.141500
0.118000,-1.593500,-2.170489,-1.003998,-0.044345,1.570700,3.141500
0.120000,-1.593500,-2.170489,-1.002935,-0.034920,1.570700,3.141500
0.120000,-1.593500,-2.170489,-1.002935,-0.034920,1.570700,3.141500
0.122000,-1.593500,-2.170220,-1.002935,-0.028147,1.570700,3.141500
0.122000,-1.593500,-2.170220,-1.002935,-0.028147,1.570700,3.141500
0.124000,-1.593500,-2.170220,-1.001233,-0.022304,1.570700,3.141500
0.124000,-1.593500,-2.170220,-1.001233,-0.022304,1.570700,3.141500
0.126000,-1.593500,-2.170220,-1.001233,-0.012879,1.570700,3.141500
0.126000,-1.593500,-2.170220,-1.001233,-0.012879,1.570700,3.141500
0.128000,-1.593500,-2.170220,-1.001233,-0.011358,1.570700,3.141500
0.128000,-1.593500,-2.170220,-1.001233,-0.011358,1.570700,3.141500
0.130000,-1.593500,-2.170220,-1.001233,-0.011358,1.570700,3.141500
0.130000,-1.593500,-2.170220,-1.001233,-0.011358,1.570700,3.141500
0.132000,-1.593500,-2.165578,-0.997293,-0.001933,1.570700,3.141500
0.132000,-1.593500,-2.165578,-0.997293,-0.001933,1.570700,3.141500
0.134000,-1.593500,-2.165578,-0.997293,0.004842,1.570700,3.141500
0.134000,-1.593500,-2.165578,-0.997293,0.004842,1.570700,3.141500
0.136000,-1.593500,-2.165578,-0.997293,0.012570,1.570700,3.141500
0.136000,-1.593500,-2.165578,-0.997293,0.012570,1.570700,3.141500
0.138000,-1.593500,-2.165578,-0.995890,0.018456,1.570700,3.141500
0.138000,-1.593500,-2.165578,-0.995890,0.018456,1.570700,3.141500
0.140000,-1.593500,-2.165578,-0.995890,0.027880,1.570700,3.141500
0.140000,-1.593500,-2.165578,-0.995890,0.027880,1.570700,3.141500
0.142000,-1.593500,-2.165578,-0.988508,0.029418,1.570700,3.141500
0.142000,-1.593500,-2.165578,-0.988508,0.029418,1.570700,3.141500
0.144000,-1.593500,-2.165578,-0.988508,0.032087,1.570700,3.141500
0.144000,-1.593500,-2.165578,-0.988508,0.032087,1.570700,3.141500
0.146000,-1.593500,-2.165578,-0.988508,0.040782,1.570700,3.141500
0.146000,-1.593500,-2.165578,-0.988508,0.040782,1.570700,3.141500
0.148000,-1.593500,-2.164285,-0.988508,0.043717,1.570700,3.141500
0.148000,-1.593500,-2.164285,-0.988508,0.043717,1.570700,3.141500
0.150000,-1.593500,-2.164285,-0.988508,0.053142,1.570700,3.141500
0.150000,-1.593500,-2.164285,-0.988508,0.053142,1.570700,3.141500
0.152000,-1.593500,-2.164285,-0.979083,0.057285,1.570700,3.141500
0.152000,-1.593500,-2.164285,-0.979083,0.057285,1.570700,3.141500
0.154000,-1.593500,-2.164285,-0.979083,0.057285,1.570700,3.141500
0.154000,-1.593500,-2.164285,-0.979083,0.057285,1.570700,3.141500
0.156000,-1.593500,-2.163121,-0.978870,0.066710,1.570700,3.141500
0.156000,-1.593500,-2.163121,-0.978870,0.066710,1.570700,3.141500
0.158000,-1.593500,-2.163121,-0.978870,0.066710,1.570700,3.141500
0.158000,-1.593500,-2.163121,-0.978870,0.066710,1.570700,3.141500
0.160000,-1.593500,-2.163121,-0.976072,0.069364,1.570700,3.141500
0.160000,-1.593500,-2.163121,-0.976072,0.069364,1.570700,3.141500
0.162000,-1.593500,-2.163121,-0.976072,0.069364,1.570700,3.141500
0.162000,-1.593500,-2.163121,-0.976072,0.069364,1.570700,3.141500
0.164000,-1.593500,-2.162363,-0.976072,0.078789,1.570700,3.141500
0.164000,-1.593500,-2.162363,-0.976072,0.078789,1.570700,3.141500
0.166000,-1.593500,-2.162363,-0.976072,0.078789,1.570700,3.141500
0.166000,-1.593500,-2.162363,-0.976072,0.078789,1.570700,3.141500
0.168000,-1.593500,-2.161242,-0.976072,0.081470,1.570700,3.141500
0.168000,-1.593500,-2.161242,-0.976072,0.081470,1.570700,3.141500
0.170000,-1.593500,-2.160027,-0.976072,0.090895,1.570700,3.141500
0.170000,-1.593500,-2.160027,-0.976072,0.090895,1.570700,3.141500
0.172000,-1.593500,-2.160027,-0.976072,0.100320,1.570700,3.141500
0.172000,-1.593500,-2.160027,-0.976072,0.100320,1.570700,3.141500
0.174000,-1.593500,-2.160027,-0.976072,0.106333,1.570700,3.141500
0.174000,-1.593500,-2.160027,-0.976072,0.106333,1.570700,3.141500
0.176000,-1.593500,-2.160027,-0.971237,0.109401,1.570700,3.141500
0.176000,-1.593500,-2.160027,-0.971237,0.109401,1.570700,3.141500
0.178000,-1.593500,-2.159046,-0.971237,0.118826,1.570700,3.141500
0.178000,-1.593500,-2.159046,-0.971237,0.118826,1.570700,3.141500
0.180000,-1.593500,-2.159046,-0.968280,0.126354,1.570700,3.141500
0.180000,-1.593500,-2.159046,-0.968280,0.126354,1.570700,3.141500
0.182000,-1.593500,-2.159046,-0.967136,0.133230,1.570700,3.141500
0.182000,-1.593500,-2.159046,-0.967136,0.133230,1.570700,3.141500
0.184000,-1.593500,-2.159046,-0.959587,0.142654,1.570700,3.141500
0.184000,-1.593500,-2.159046,-0.959587,0.142654,1.570700,3.141500
0.186000,-1.593500,-2.159046,-0.959587,0.145693,1.570700,3.141500
0.186000,-1.593500,-2.159046,-0.959587,0.145693,1.570700,3.141500
0.188000,-1.593500,-2.159046,-0.959587,0.145693,1.570700,3.141500
0.188000,-1.593500,-2.159046,-0.959587,0.145693,1.570700,3.141500
0.190000,-1.593500,-2.159046,-0.959587,0.150080,1.570700,3.141500
0.190000,-1.593500,-2.159046,-0.959587,0.150080,1.570700,3.141500
0.192000,-1.593500,-2.156196,-0.959587,0.156896,1.570700,3.141500
0.192000,-1.593500,-2.156196,-0.959587,0.156896,1.570700,3.141500
0.194000,-1.593500,-2.156196,-0.956069,0.156896,1.570700,3.141500
0.194000,-1.593500,-2.156196,-0.956069,0.156896,1.570700,3.141500
0.196000,-1.593500,-2.156196,-0.956069,0.166321,1.570700,3.141500
0.196000,-1.593500,-2.156196,-0.956069,0.166321,1.570700,3.141500
0.198000,-1.593500,-2.156196,-0.956069,0.166321,1.570700,3.141500
0.198000,-1.593500,-2.156196,-0.956069,0.166321,1.570700,3.141500
0.200000,-1.593500,-2.156196,-0.956069,0.166562,1.570700,3.141500
0.200000,-1.593500,-2.156196,-0.956069,0.166562,1.570700,3.141500
0.202000,-1.593500,-2.155743,-0.956069,0.167114,1.570700,3.141500
0.202000,-1.593500,-2.155743,-0.956069,0.167114,1.570700,3.141500
0.204000,-1.593500,-2.146318,-0.951554,0.173938,1.570700,3.141500
0.204000,-1.593500,-2.146318,-0.951554,0.173938,1.570700,3.141500
0.206000,-1.593500,-2.146318,-0.943745,0.182852,1.570700,3.141500
0.206000,-1.593500,-2.146318,-0.943745,0.182852,1.570700,3.141500
0.208000,-1.593500,-2.146318,-0.943745,0.185453,1.570700,3.141500
0.208000,-1.593500,-2.146318,-0.943745,0.185453,1.570700,3.141500
0.210000,-1.593500,-2.146318,-0.943745,0.194877,1.570700,3.141500
0.210000,-1.593500,-2.146318,-0.943745,0.194877,1.570700,3.141500
0.212000,-1.593500,-2.146318,-0.943444,0.204302,1.570700,3.141500
0.212000,-1.593500,-2.146318,-0.943444,0.204302,1.570700,3.141500
0.214000,-1.593500,-2.146318,-0.936374,0.209876,1.570700,3.141500
0.214000,-1.593500,-2.146318,-0.936374,0.209876,1.570700,3.141500
0.216000,-1.593500,-2.146318,-0.927280,0.219301,1.570700,3.141500
0.216000,-1.593500,-2.146318,-0.927280,0.219301,1.570700,3.141500
0.218000,-1.593500,-2.146318,-0.927280,0.228725,1.570700,3.141500
0.218000,-1.593500,-2.146318,-0.927280,0.228725,1.570700,3.141500
0.220000,-1.593500,-2.139011,-0.924110,0.234818,1.570700,3.141500
0.220000,-1.593500,-2.139011,-0.924110,0.234818,1.570700,3.141500
0.222000,-1.593500,-2.136409,-0.918492,0.234818,1.570700,3.141500
0.222000,-1.593500,-2.136409,-0.918492,0.234818,1.570700,3.141500
0.224000,-1.593500,-2.126984,-0.918492,0.241752,1.570700,3.141500
0.224000,-1.593500,-2.126984,-0.918492,0.241752,1.570700,3.141500
0.226000,-1.593500,-2.122882,-0.918492,0.251177,1.570700,3.141500
0.226000,-1.593500,-2.122882,-0.918492,0.251177,1.570700,3.141500
0.228000,-1.593500,-2.122882,-0.918492,0.260601,1.570700,3.141500
0.228000,-1.593500,-2.122882,-0.918492,0.260601,1.570700,3.141500
0.230000,-1.593500,-2.122882,-0.909068,0.269633,1.570700,3.141500
0.230000,-1.593500,-2.122882,-0.909068,0.269633,1.570700,3.141500
0.232000,-1.593500,-2.122882,-0.908107,0.275449,1.570700,3.141500
0.232000,-1.593500,-2.122882,-0.908107,0.275449,1.570700,3.141500
0.234000,-1.593500,-2.113457,-0.905032,0.275449,1.570700,3.141500
0.234000,-1.593500,-2.113457,-0.905032,0.275449,1.570700,3.141500
0.236000,-1.593500,-2.113457,-0.904715,0.275449,1.570700,3.141500
0.236000,-1.593500,-2.113457,-0.904715,0.275449,1.570700,3.141500
0.238000,-1.593500,-2.113457,-0.904715,0.284874,1.570700,3.141500
0.238000,-1.593500,-2.113457,-0.904715,0.284874,1.570700,3.141500
0.240000,-1.593500,-2.108684,-0.904715,0.294299,1.570700,3.141500
0.240000,-1.593500,-2.108684,-0.904715,0.294299,1.570700,3.141500
0.242000,-1.593500,-2.105050,-0.904715,0.300223,1.570700,3.141500
0.242000,-1.593500,-2.105050,-0.904715,0.300223,1.570700,3.141500
0.244000,-1.593500,-2.103034,-0.904715,0.309648,1.570700,3.141500
0.244000,-1.593500,-2.103034,-0.904715,0.309648,1.570700,3.141500
0.246000,-1.593500,-2.103034,-0.896613,0.313216,1.570700,3.141500
0.246000,-1.593500,-2.103034,-0.896613,0.313216,1.570700,3.141500
0.248000,-1.593500,-2.102963,-0.896613,0.313216,1.570700,3.141500
0.248000,-1.593500,-2.102963,-0.896613,0.313216,1.570700,3.141500
0.250000,-1.593500,-2.102963,-0.895658,0.322641,1.570700,3.141500
0.250000,-1.593500,-2.102963,-0.895658,0.322641,1.570700,3.141500
0.252000,-1.593500,-2.102963,-0.895658,0.325689,1.570700,3.141500
0.252000,-1.593500,-2.102963,-0.895658,0.325689,1.570700,3.141500
0.254000,-1.593500,-2.102963,-0.895658,0.330606,1.570700,3.141500
0.254000,-1.593500,-2.102963,-0.895658,0.330606,1.570700,3.141500
0.256000,-1.593500,-2.102963,-0.895658,0.340031,1.570700,3.141500
0.256000,-1.593500,-2.102963,-0.895658,0.340031,1.570700,3.141500
0.258000,-1.593500,-2.102963,-0.895658,0.343958,1.570700,3.141500
0.258000,-1.593500,-2.102963,-0.895658,0.343958,1.570700,3.141500
0.260000,-1.593500,-2.102963,-0.893325,0.353383,1.570700,3.141500
0.260000,-1.593500,-2.102963,-0.893325,0.353383,1.570700,3.141500
0.262000,-1.593500,-2.102941,-0.893325,0.353383,1.570700,3.141500
0.262000,-1.593500,-2.102941,-0.893325,0.353383,1.570700,3.141500
0.264000,-1.593500,-2.102941,-0.889775,0.362808,1.570700,3.141500
0.264000,-1.593500,-2.102941,-0.889775,0.362808,1.570700,3.141500
0.266000,-1.593500,-2.095245,-0.889775,0.369792,1.570700,3.141500
0.266000,-1.593500,-2.095245,-0.889775,0.369792,1.570700,3.141500
0.268000,-1.593500,-2.090534,-0.884411,0.378129,1.570700,3.141500
0.268000,-1.593500,-2.090534,-0.884411,0.378129,1.570700,3.141500
0.270000,-1.593500,-2.090534,-0.884411,0.387178,1.570700,3.141500
0.270000,-1.593500,-2.090534,-0.884411,0.387178,1.570700,3.141500
0.272000,-1.593500,-2.090534,-0.874986,0.387178,1.570700,3.141500
0.272000,-1.593500,-2.090534,-0.874986,0.387178,1.570700,3.141500
0.274000,-1.593500,-2.090534,-0.870655,0.387178,1.570700,3.141500
0.274000,-1.593500,-2.090534,-0.870655,0.387178,1.570700,3.141500
0.276000,-1.593500,-2.083083,-0.870655,0.396603,1.570700,3.141500
0.276000,-1.593500,-2.083083,-0.870655,0.396603,1.570700,3.141500
0.278000,-1.593500,-2.081688,-0.862921,0.396603,1.570700,3.141500
0.278000,-1.593500,-2.081688,-0.862921,0.396603,1.570700,3.141500
0.280000,-1.593500,-2.081688,-0.862921,0.403261,1.570700,3.141500
0.280000,-1.593500,-2.081688,-0.862921,0.403261,1.570700,3.141500
0.282000,-1.593500,-2.081688,-0.861709,0.403859,1.570700,3.141500
0.282000,-1.593500,-2.081688,-0.861709,0.403859,1.570700,3.141500
0.284000,-1.593500,-2.081688,-0.859315,0.403859,1.570700,3.141500
0.284000,-1.593500,-2.081688,-0.859315,0.403859,1.570700,3.141500
0.286000,-1.593500,-2.081688,-0.859315,0.411457,1.570700,3.141500
0.286000,-1.593500,-2.081688,-0.859315,0.411457,1.570700,3.141500
0.288000,-1.593500,-2.081688,-0.859315,0.411808,1.570700,3.141500
0.288000,-1.593500,-2.081688,-0.859315,0.411808,1.570700,3.141500
0.290000,-1.593500,-2.081688,-0.859315,0.418057,1.570700,3.141500
0.290000,-1.593500,-2.081688,-0.859315,0.418057,1.570700,3.141500
0.292000,-1.593500,-2.081688,-0.859315,0.427482,1.570700,3.141500
0.292000,-1.593500,-2.081688,-0.859315,0.427482,1.570700,3.141500
0.294000,-1.593500,-2.081688,-0.859315,0.432180,1.570700,3.141500
0.294000,-1.593500,-2.081688,-0.859315,0.432180,1.570700,3.141500
0.296000,-1.593500,-2.080996,-0.859315,0.441604,1.570700,3.141500
0.296000,-1.593500,-2.080996,-0.859315,0.441604,1.570700,3.141500
0.298000,-1.593500,-2.079204,-0.856791,0.445230,1.570700,3.141500
0.298000,-1.593500,-2.079204,-0.856791,0.445230,1.570700,3.141500
0.300000,-1.593500,-2.079204,-0.856791,0.454655,1.570700,3.141500
0.300000,-1.593500,-2.079204,-0.856791,0.454655,1.570700,3.141500
0.302000,-1.593500,-2.070862,-0.847366,0.454726,1.570700,3.141500
0.302000,-1.593500,-2.070862,-0.847366,0.454726,1.570700,3.141500
0.304000,-1.593500,-2.070862,-0.840172,0.463480,1.570700,3.141500
0.304000,-1.593500,-2.070862,-0.840172,0.463480,1.570700,3.141500
0.306000,-1.593500,-2.070862,-0.840172,0.472905,1.570700,3.141500
0.306000,-1.593500,-2.070862,-0.840172,0.472905,1.570700,3.141500
0.308000,-1.593500,-2.066257,-0.840172,0.472905,1.570700,3.141500
0.308000,-1.593500,-2.066257,-0.840172,0.472905,1.570700,3.141500
0.310000,-1.593500,-2.066257,-0.840172,0.481872,1.570700,3.141500
0.310000,-1.593500,-2.066257,-0.840172,0.481872,1.570700,3.141500
0.312000,-1.593500,-2.066257,-0.840172,0.486266,1.570700,3.141500
0.312000,-1.593500,-2.066257,-0.840172,0.486266,1.570700,3.141500
0.314000,-1.593500,-2.063137,-0.840172,0.495691,1.570700,3.141500
0.314000,-1.593500,-2.063137,-0.840172,0.495691,1.570700,3.141500
0.316000,-1.593500,-2.063137,-0.837771,0.505115,1.570700,3.141500
0.316000,-1.593500,-2.063137,-0.837771,0.505115,1.570700,3.141500
0.318000,-1.593500,-2.063137,-0.834981,0.510057,1.570700,3.141500
0.318000,-1.593500,-2.063137,-0.834981,0.510057,1.570700,3.141500
0.320000,-1.593500,-2.063137,-0.832302,0.514002,1.570700,3.141500
0.320000,-1.593500,-2.063137,-0.832302,0.514002,1.570700,3.141500
0.322000,-1.593500,-2.063137,-0.826624,0.517667,1.570700,3.141500
0.322000,-1.593500,-2.063137,-0.826624,0.517667,1.570700,3.141500
0.324000,-1.593500,-2.057217,-0.826624,0.521368,1.570700,3.141500
0.324000,-1.593500,-2.057217,-0.826624,0.521368,1.570700,3.141500
0.326000,-1.593500,-2.057217,-0.826624,0.526179,1.570700,3.141500
0.326000,-1.593500,-2.057217,-0.826624,0.526179,1.570700,3.141500
0.328000,-1.593500,-2.057217,-0.826624,0.535604,1.570700,3.141500
0.328000,-1.593500,-2.057217,-0.826624,0.535604,1.570700,3.141500
0.330000,-1.593500,-2.057217,-0.826624,0.543591,1.570700,3.141500
0.330000,-1.593500,-2.057217,-0.826624,0.543591,1.570700,3.141500
0.332000,-1.593500,-2.057217,-0.826624,0.548224,1.570700,3.141500
0.332000,-1.593500,-2.057217,-0.826624,0.548224,1.570700,3.141500
0.334000,-1.593500,-2.057217,-0.826624,0.555688,1.570700,3.141500
0.334000,-1.593500,-2.057217,-0.826624,0.555688,1.570700,3.141500
0.336000,-1.593500,-2.057217,-0.825622,0.558252,1.570700,3.141500
0.336000,-1.593500,-2.057217,-0.825622,0.558252,1.570700,3.141500
0.338000,-1.593500,-2.057217,-0.825622,0.558476,1.570700,3.141500
0.338000,-1.593500,-2.057217,-0.825622,0.558476,1.570700,3.141500
0.340000,-1.593500,-2.057217,-0.825622,0.567901,1.570700,3.141500
0.340000,-1.593500,-2.057217,-0.825622,0.567901,1.570700,3.141500
0.342000,-1.593500,-2.052732,-0.825132,0.577326,1.570700,3.141500
0.342000,-1.593500,-2.052732,-0.825132,0.577326,1.570700,3.141500
0.344000,-1.593500,-2.044305,-0.819440,0.586750,1.570700,3.141500
0.344000,-1.593500,-2.044305,-0.819440,0.586750,1.570700,3.141500
0.346000,-1.593500,-2.044305,-0.819440,0.596175,1.570700,3.141500
0.346000,-1.593500,-2.044305,-0.819440,0.596175,1.570700,3.141500
0.348000,-1.593500,-2.044305,-0.819440,0.605600,1.570700,3.141500
0.348000,-1.593500,-2.044305,-0.819440,0.605600,1.570700,3.141500
0.350000,-1.593500,-2.044305,-0.812109,0.610316,1.570700,3.141500
0.350000,-1.593500,-2.044305,-0.812109,0.610316,1.570700,3.141500
0.352000,-1.593500,-2.044305,-0.803187,0.617007,1.570700,3.141500
0.352000,-1.593500,-2.044305,-0.803187,0.617007,1.570700,3.141500
0.354000,-1.593500,-2.044305,-0.803187,0.625172,1.570700,3.141500
0.354000,-1.593500,-2.044305,-0.803187,0.625172,1.570700,3.141500
0.356000,-1.593500,-2.044162,-0.800779,0.625172,1.570700,3.141500
0.356000,-1.593500,-2.044162,-0.800779,0.625172,1.570700,3.141500
0.358000,-1.593500,-2.044162,-0.791354,0.629221,1.570700,3.141500
0.358000,-1.593500,-2.044162,-0.791354,0.629221,1.570700,3.141500
0.360000,-1.593500,-2.044162,-0.791354,0.638646,1.570700,3.141500
0.360000,-1.593500,-2.044162,-0.791354,0.638646,1.570700,3.141500
0.362000,-1.593500,-2.038542,-0.785946,0.648071,1.570700,3.141500
0.362000,-1.593500,-2.038542,-0.785946,0.648071,1.570700,3.141500
0.364000,-1.593500,-2.038542,-0.785914,0.648071,1.570700,3.141500
0.364000,-1.593500,-2.038542,-0.785914,0.648071,1.570700,3.141500
0.366000,-1.593500,-2.038542,-0.782008,0.654465,1.570700,3.141500
0.366000,-1.593500,-2.038542,-0.782008,0.654465,1.570700,3.141500
0.368000,-1.593500,-2.038542,-0.780122,0.660010,1.570700,3.141500
0.368000,-1.593500,-2.038542,-0.780122,0.660010,1.570700,3.141500
0.370000,-1.593500,-2.038542,-0.780122,0.669435,1.570700,3.141500
0.370000,-1.593500,-2.038542,-0.780122,0.669435,1.570700,3.141500
0.372000,-1.593500,-2.038542,-0.772791,0.678860,1.570700,3.141500
0.372000,-1.593500,-2.038542,-0.772791,0.678860,1.570700,3.141500
0.374000,-1.593500,-2.038542,-0.772791,0.688285,1.570700,3.141500
0.374000,-1.593500,-2.038542,-0.772791,0.688285,1.570700,3.141500
0.376000,-1.593500,-2.038542,-0.772791,0.697642,1.570700,3.141500
0.376000,-1.593500,-2.038542,-0.772791,0.697642,1.570700,3.141500
0.378000,-1.593500,-2.038542,-0.772791,0.699303,1.570700,3.141500
0.378000,-1.593500,-2.038542,-0.772791,0.699303,1.570700,3.141500
0.380000,-1.593500,-2.038542,-0.772791,0.708727,1.570700,3.141500
0.380000,-1.593500,-2.038542,-0.772791,0.708727,1.570700,3.141500
0.382000,-1.593500,-2.038542,-0.772791,0.708727,1.570700,3.141500
0.382000,-1.593500,-2.038542,-0.772791,0.708727,1.570700,3.141500
0.384000,-1.593500,-2.038542,-0.766339,0.718152,1.570700,3.141500
0.384000,-1.593500,-2.038542,-0.766339,0.718152,1.570700,3.141500
0.386000,-1.593500,-2.038542,-0.765778,0.727577,1.570700,3.141500
0.386000,-1.593500,-2.038542,-0.765778,0.727577,1.570700,3.141500
0.388000,-1.593500,-2.038542,-0.763721,0.737002,1.570700,3.141500
0.388000,-1.593500,-2.038542,-0.763721,0.737002,1.570700,3.141500
0.390000,-1.593500,-2.038542,-0.761466,0.746427,1.570700,3.141500
0.390000,-1.593500,-2.038542,-0.761466,0.746427,1.570700,3.141500
0.392000,-1.593500,-2.029117,-0.760168,0.755851,1.570700,3.141500
0.392000,-1.593500,-2.029117,-0.760168,0.755851,1.570700,3.141500
0.394000,-1.593500,-2.025841,-0.757467,0.759516,1.570700,3.141500
0.394000,-1.593500,-2.025841,-0.757467,0.759516,1.570700,3.141500
0.396000,-1.593500,-2.018276,-0.753403,0.768941,1.570700,3.141500
0.396000,-1.593500,-2.018276,-0.753403,0.768941,1.570700,3.141500
0.398000,-1.593500,-2.018276,-0.753403,0.770191,1.570700,3.141500
0.398000,-1.593500,-2.018276,-0.753403,0.770191,1.570700,3.141500
0.400000,-1.593500,-2.018276,-0.753403,0.770191,1.570700,3.141500
0.400000,-1.593500,-2.018276,-0.753403,0.770191,1.570700,3.141500
0.402000,-1.593500,-2.018276,-0.750219,0.770191,1.570700,3.141500
0.402000,-1.593500,-2.018276,-0.750219,0.770191,1.570700,3.141500
0.404000,-1.593500,-2.015479,-0.750219,0.770191,1.570700,3.141500
0.404000,-1.593500,-2.015479,-0.750219,0.770191,1.570700,3.141500
0.406000,-1.593500,-2.007806,-0.744059,0.779616,1.570700,3.141500
0.406000,-1.593500,-2.007806,-0.744059,0.779616,1.570700,3.141500
0.408000,-1.593500,-2.007767,-0.744059,0.780233,1.570700,3.141500
0.408000,-1.593500,-2.007767,-0.744059,0.780233,1.570700,3.141500
0.410000,-1.593500,-2.002449,-0.739146,0.789658,1.570700,3.141500
0.410000,-1.593500,-2.002449,-0.739146,0.789658,1.570700,3.141500
0.412000,-1.593500,-2.002449,-0.735205,0.793778,1.570700,3.141500
0.412000,-1.593500,-2.002449,-0.735205,0.793778,1.570700,3.141500
0.414000,-1.593500,-2.002449,-0.726394,0.793778,1.570700,3.141500
0.414000,-1.593500,-2.002449,-0.726394,0.793778,1.570700,3.141500
0.416000,-1.593500,-2.002449,-0.719273,0.803203,1.570700,3.141500
0.416000,-1.593500,-2.002449,-0.719273,0.803203,1.570700,3.141500
0.418000,-1.593500,-2.001216,-0.719273,0.803203,1.570700,3.141500
0.418000,-1.593500,-2.001216,-0.719273,0.803203,1.570700,3.141500
0.420000,-1.593500,-2.001216,-0.719273,0.812627,1.570700,3.141500
0.420000,-1.593500,-2.001216,-0.719273,0.812627,1.570700,3.141500
0.422000,-1.593500,-2.001216,-0.718785,0.812627,1.570700,3.141500
0.422000,-1.593500,-2.001216,-0.718785,0.812627,1.570700,3.141500
0.424000,-1.593500,-1.996654,-0.718785,0.817260,1.570700,3.141500
0.424000,-1.593500,-1.996654,-0.718785,0.817260,1.570700,3.141500
0.426000,-1.593500,-1.996278,-0.709360,0.826684,1.570700,3.141500
0.426000,-1.593500,-1.996278,-0.709360,0.826684,1.570700,3.141500
0.428000,-1.593500,-1.996278,-0.699936,0.831906,1.570700,3.141500
0.428000,-1.593500,-1.996278,-0.699936,0.831906,1.570700,3.141500
0.430000,-1.593500,-1.996278,-0.696402,0.841331,1.570700,3.141500
0.430000,-1.593500,-1.996278,-0.696402,0.841331,1.570700,3.141500
0.432000,-1.593500,-1.996278,-0.691704,0.850755,1.570700,3.141500
0.432000,-1.593500,-1.996278,-0.691704,0.850755,1.570700,3.141500
0.434000,-1.593500,-1.996278,-0.691704,0.859528,1.570700,3.141500
0.434000,-1.593500,-1.996278,-0.691704,0.859528,1.570700,3.141500
0.436000,-1.593500,-1.995294,-0.689847,0.865626,1.570700,3.141500
0.436000,-1.593500,-1.995294,-0.689847,0.865626,1.570700,3.141500
0.438000,-1.593500,-1.995294,-0.689847,0.873338,1.570700,3.141500
0.438000,-1.593500,-1.995294,-0.689847,0.873338,1.570700,3.141500
0.440000,-1.593500,-1.995294,-0.689847,0.873338,1.570700,3.141500
0.440000,-1.593500,-1.995294,-0.689847,0.873338,1.570700,3.141500
0.442000,-1.593500,-1.993440,-0.688725,0.879376,1.570700,3.141500
0.442000,-1.593500,-1.993440,-0.688725,0.879376,1.570700,3.141500
0.444000,-1.593500,-1.993440,-0.688725,0.887135,1.570700,3.141500
0.444000,-1.593500,-1.993440,-0.688725,0.887135,1.570700,3.141500
0.446000,-1.593500,-1.985356,-0.688725,0.887883,1.570700,3.141500
0.446000,-1.593500,-1.985356,-0.688725,0.887883,1.570700,3.141500
0.448000,-1.593500,-1.985356,-0.684812,0.893266,1.570700,3.141500
0.448000,-1.593500,-1.985356,-0.684812,0.893266,1.570700,3.141500
0.450000,-1.593500,-1.982838,-0.684812,0.902691,1.570700,3.141500
0.450000,-1.593500,-1.982838,-0.684812,0.902691,1.570700,3.141500
0.452000,-1.593500,-1.979634,-0.680856,0.912116,1.570700,3.141500
0.452000,-1.593500,-1.979634,-0.680856,0.912116,1.570700,3.141500
0.454000,-1.593500,-1.975533,-0.680856,0.912819,1.570700,3.141500
0.454000,-1.593500,-1.975533,-0.680856,0.912819,1.570700,3.141500
0.456000,-1.593500,-1.969442,-0.680856,0.913936,1.570700,3.141500
0.456000,-1.593500,-1.969442,-0.680856,0.913936,1.570700,3.141500
0.458000,-1.593500,-1.969086,-0.671431,0.923145,1.570700,3.141500
0.458000,-1.593500,-1.969086,-0.671431,0.923145,1.570700,3.141500
0.460000,-1.593500,-1.968646,-0.667181,0.923166,1.570700,3.141500
0.460000,-1.593500,-1.968646,-0.667181,0.923166,1.570700,3.141500
0.462000,-1.593500,-1.965340,-0.667181,0.928003,1.570700,3.141500
0.462000,-1.593500,-1.965340,-0.667181,0.928003,1.570700,3.141500
0.464000,-1.593500,-1.962223,-0.667181,0.930561,1.570700,3.141500
0.464000,-1.593500,-1.962223,-0.667181,0.930561,1.570700,3.141500
0.466000,-1.593500,-1.956482,-0.667181,0.939986,1.570700,3.141500
0.466000,-1.593500,-1.956482,-0.667181,0.939986,1.570700,3.141500
0.468000,-1.593500,-1.953626,-0.666703,0.949411,1.570700,3.141500
0.468000,-1.593500,-1.953626,-0.666703,0.949411,1.570700,3.141500
0.470000,-1.593500,-1.951119,-0.663520,0.949411,1.570700,3.141500
0.470000,-1.593500,-1.951119,-0.663520,0.949411,1.570700,3.141500
0.472000,-1.593500,-1.951119,-0.654096,0.951832,1.570700,3.141500
0.472000,-1.593500,-1.951119,-0.654096,0.951832,1.570700,3.141500
0.474000,-1.593500,-1.948912,-0.652122,0.951832,1.570700,3.141500
0.474000,-1.593500,-1.948912,-0.652122,0.951832,1.570700,3.141500
0.476000,-1.593500,-1.948912,-0.645105,0.957549,1.570700,3.141500
0.476000,-1.593500,-1.948912,-0.645105,0.957549,1.570700,3.141500
0.478000,-1.593500,-1.948912,-0.638888,0.963539,1.570700,3.141500
0.478000,-1.593500,-1.948912,-0.638888,0.963539,1.570700,3.141500
0.480000,-1.593500,-1.948912,-0.629463,0.964501,1.570700,3.141500
0.480000,-1.593500,-1.948912,-0.629463,0.964501,1.570700,3.141500
0.482000,-1.593500,-1.948912,-0.629463,0.971881,1.570700,3.141500
0.482000,-1.593500,-1.948912,-0.629463,0.971881,1.570700,3.141500
0.484000,-1.593500,-1.947532,-0.622389,0.973210,1.570700,3.141500
0.484000,-1.593500,-1.947532,-0.622389,0.973210,1.570700,3.141500
0.486000,-1.593500,-1.947532,-0.612965,0.982635,1.570700,3.141500
0.486000,-1.593500,-1.947532,-0.612965,0.982635,1.570700,3.141500
0.488000,-1.593500,-1.943681,-0.609341,0.982635,1.570700,3.141500
0.488000,-1.593500,-1.943681,-0.609341,0.982635,1.570700,3.141500
0.490000,-1.593500,-1.943681,-0.601888,0.983233,1.570700,3.141500
0.490000,-1.593500,-1.943681,-0.601888,0.983233,1.570700,3.141500
0.492000,-1.593500,-1.937407,-0.601888,0.991829,1.570700,3.141500
0.492000,-1.593500,-1.937407,-0.601888,0.991829,1.570700,3.141500
0.494000,-1.593500,-1.930820,-0.600205,0.991829,1.570700,3.141500
0.494000,-1.593500,-1.930820,-0.600205,0.991829,1.570700,3.141500
0.496000,-1.593500,-1.928742,-0.590781,0.992660,1.570700,3.141500
0.496000,-1.593500,-1.928742,-0.590781,0.992660,1.570700,3.141500
0.498000,-1.593500,-1.928187,-0.581356,1.000080,1.570700,3.141500
0.498000,-1.593500,-1.928187,-0.581356,1.000080,1.570700,3.141500
0.500000,-1.593500,-1.928187,-0.574709,1.003868,1.570700,3.141500
0.500000,-1.593500,-1.928187,-0.574709,1.003868,1.570700,3.141500
0.502000,-1.593500,-1.928187,-0.574709,1.010342,1.570700,3.141500
0.502000,-1.593500,-1.928187,-0.574709,1.010342,1.570700,3.141500
0.504000,-1.593500,-1.928187,-0.574709,1.019766,1.570700,3.141500
0.504000,-1.593500,-1.928187,-0.574709,1.019766,1.570700,3.141500
0.506000,-1.593500,-1.928187,-0.574709,1.019766,1.570700,3.141500
0.506000,-1.593500,-1.928187,-0.574709,1.019766,1.570700,3.141500
0.508000,-1.593500,-1.928187,-0.573269,1.025703,1.570700,3.141500
0.508000,-1.593500,-1.928187,-0.573269,1.025703,1.570700,3.141500
0.510000,-1.593500,-1.928187,-0.573269,1.025703,1.570700,3.141500
0.510000,-1.593500,-1.928187,-0.573269,1.025703,1.570700,3.141500
0.512000,-1.593500,-1.928187,-0.573269,1.025703,1.570700,3.141500
0.512000,-1.593500,-1.928187,-0.573269,1.025703,1.570700,3.141500
0.514000,-1.593500,-1.928187,-0.573269,1.035127,1.570700,3.141500
0.514000,-1.593500,-1.928187,-0.573269,1.035127,1.570700,3.141500
0.516000,-1.593500,-1.920000,-0.571819,1.043625,1.570700,3.141500
0.516000,-1.593500,-1.920000,-0.571819,1.043625,1.570700,3.141500
0.518000,-1.593500,-1.920000,-0.571819,1.053050,1.570700,3.141500
0.518000,-1.593500,-1.920000,-0.571819,1.053050,1.570700,3.141500
0.520000,-1.593500,-1.920000,-0.571819,1.062475,1.570700,3.141500
0.520000,-1.593500,-1.920000,-0.571819,1.062475,1.570700,3.141500
0.522000,-1.593500,-1.920000,-0.570775,1.067031,1.570700,3.141500
0.522000,-1.593500,-1.920000,-0.570775,1.067031,1.570700,3.141500
0.524000,-1.593500,-1.920000,-0.570775,1.076456,1.570700,3.141500
0.524000,-1.593500,-1.920000,-0.570775,1.076456,1.570700,3.141500
0.526000,-1.593500,-1.920000,-0.567160,1.085881,1.570700,3.141500
0.526000,-1.593500,-1.920000,-0.567160,1.085881,1.570700,3.141500
0.528000,-1.593500,-1.920000,-0.567160,1.091532,1.570700,3.141500
0.528000,-1.593500,-1.920000,-0.567160,1.091532,1.570700,3.141500
0.530000,-1.593500,-1.920000,-0.567160,1.100956,1.570700,3.141500
0.530000,-1.593500,-1.920000,-0.567160,1.100956,1.570700,3.141500
0.532000,-1.593500,-1.920000,-0.567160,1.103745,1.570700,3.141500
0.532000,-1.593500,-1.920000,-0.567160,1.103745,1.570700,3.141500
0.534000,-1.593500,-1.920000,-0.567160,1.107784,1.570700,3.141500
0.534000,-1.593500,-1.920000,-0.567160,1.107784,1.570700,3.141500
0.536000,-1.593500,-1.920000,-0.567160,1.107784,1.570700,3.141500
0.536000,-1.593500,-1.920000,-0.567160,1.107784,1.570700,3.141500
0.538000,-1.593500,-1.920000,-0.557858,1.117208,1.570700,3.141500
0.538000,-1.593500,-1.920000,-0.557858,1.117208,1.570700,3.141500
0.540000,-1.593500,-1.920000,-0.557858,1.117208,1.570700,3.141500
0.540000,-1.593500,-1.920000,-0.557858,1.117208,1.570700,3.141500
0.542000,-1.593500,-1.920000,-0.557858,1.126633,1.570700,3.141500
0.542000,-1.593500,-1.920000,-0.557858,1.126633,1.570700,3.141500
0.544000,-1.593500,-1.920000,-0.557350,1.136058,1.570700,3.141500
0.544000,-1.593500,-1.920000,-0.557350,1.136058,1.570700,3.141500
0.546000,-1.593500,-1.920000,-0.554857,1.140131,1.570700,3.141500
0.546000,-1.593500,-1.920000,-0.554857,1.140131,1.570700,3.141500
0.548000,-1.593500,-1.920000,-0.551429,1.142294,1.570700,3.141500
0.548000,-1.593500,-1.920000,-0.551429,1.142294,1.570700,3.141500
0.550000,-1.593500,-1.920000,-0.551429,1.142294,1.570700,3.141500
0.550000,-1.593500,-1.920000,-0.551429,1.142294,1.570700,3.141500
0.552000,-1.593500,-1.920000,-0.542004,1.142580,1.570700,3.141500
0.552000,-1.593500,-1.920000,-0.542004,1.142580,1.570700,3.141500
0.554000,-1.593500,-1.920000,-0.542004,1.148530,1.570700,3.141500
0.554000,-1.593500,-1.920000,-0.542004,1.148530,1.570700,3.141500
0.556000,-1.593500,-1.920000,-0.542004,1.154575,1.570700,3.141500
0.556000,-1.593500,-1.920000,-0.542004,1.154575,1.570700,3.141500
0.558000,-1.593500,-1.920000,-0.540327,1.164000,1.570700,3.141500
0.558000,-1.593500,-1.920000,-0.540327,1.164000,1.570700,3.141500
0.560000,-1.593500,-1.920000,-0.538640,1.168520,1.570700,3.141500
0.560000,-1.593500,-1.920000,-0.538640,1.168520,1.570700,3.141500
0.562000,-1.593500,-1.920000,-0.535694,1.168520,1.570700,3.141500
0.562000,-1.593500,-1.920000,-0.535694,1.168520,1.570700,3.141500
0.564000,-1.593500,-1.920000,-0.526270,1.168520,1.570700,3.141500
0.564000,-1.593500,-1.920000,-0.526270,1.168520,1.570700,3.141500
0.566000,-1.593500,-1.920000,-0.521025,1.177945,1.570700,3.141500
0.566000,-1.593500,-1.920000,-0.521025,1.177945,1.570700,3.141500
0.568000,-1.593500,-1.920000,-0.512562,1.187369,1.570700,3.141500
0.568000,-1.593500,-1.920000,-0.512562,1.187369,1.570700,3.141500
0.570000,-1.593500,-1.920000,-0.503137,1.196792,1.570700,3.141500
0.570000,-1.593500,-1.920000,-0.503137,1.196792,1.570700,3.141500
0.572000,-1.593500,-1.920000,-0.503137,1.202412,1.570700,3.141500
0.572000,-1.593500,-1.920000,-0.503137,1.202412,1.570700,3.141500
0.574000,-1.593500,-1.920000,-0.501016,1.207434,1.570700,3.141500
0.574000,-1.593500,-1.920000,-0.501016,1.207434,1.570700,3.141500
0.576000,-1.593500,-1.920000,-0.501016,1.215850,1.570700,3.141500
0.576000,-1.593500,-1.920000,-0.501016,1.215850,1.570700,3.141500
0.578000,-1.593500,-1.920000,-0.491592,1.221879,1.570700,3.141500
0.578000,-1.593500,-1.920000,-0.491592,1.221879,1.570700,3.141500
0.580000,-1.593500,-1.920000,-0.491592,1.231303,1.570700,3.141500
0.580000,-1.593500,-1.920000,-0.491592,1.231303,1.570700,3.141500
0.582000,-1.593500,-1.920000,-0.486161,1.240728,1.570700,3.141500
0.582000,-1.593500,-1.920000,-0.486161,1.240728,1.570700,3.141500
0.584000,-1.593500,-1.920000,-0.477903,1.240737,1.570700,3.141500
0.584000,-1.593500,-1.920000,-0.477903,1.240737,1.570700,3.141500
0.586000,-1.593500,-1.920000,-0.477903,1.240737,1.570700,3.141500
0.586000,-1.593500,-1.920000,-0.477903,1.240737,1.570700,3.141500
0.588000,-1.593500,-1.920000,-0.476157,1.250162,1.570700,3.141500
0.588000,-1.593500,-1.920000,-0.476157,1.250162,1.570700,3.141500
0.590000,-1.593500,-1.920000,-0.475944,1.252372,1.570700,3.141500
0.590000,-1.593500,-1.920000,-0.475944,1.252372,1.570700,3.141500
0.592000,-1.593500,-1.920000,-0.475944,1.261797,1.570700,3.141500
0.592000,-1.593500,-1.920000,-0.475944,1.261797,1.570700,3.141500
0.594000,-1.593500,-1.920000,-0.475944,1.269215,1.570700,3.141500
0.594000,-1.593500,-1.920000,-0.475944,1.269215,1.570700,3.141500
0.596000,-1.593500,-1.920000,-0.475944,1.275736,1.570700,3.141500
0.596000,-1.593500,-1.920000,-0.475944,1.275736,1.570700,3.141500
0.598000,-1.593500,-1.920000,-0.475944,1.282439,1.570700,3.141500
0.598000,-1.593500,-1.920000,-0.475944,1.282439,1.570700,3.141500
0.600000,-1.593500,-1.920000,-0.475944,1.282439,1.570700,3.141500
0.600000,-1.593500,-1.920000,-0.475944,1.282439,1.570700,3.141500
0.602000,-1.593500,-1.920000,-0.466520,1.282439,1.570700,3.141500
0.602000,-1.593500,-1.920000,-0.466520,1.282439,1.570700,3.141500
0.604000,-1.593500,-1.920000,-0.461109,1.291864,1.570700,3.141500
0.604000,-1.593500,-1.920000,-0.461109,1.291864,1.570700,3.141500
0.606000,-1.593500,-1.920000,-0.454657,1.295012,1.570700,3.141500
0.606000,-1.593500,-1.920000,-0.454657,1.295012,1.570700,3.141500
0.608000,-1.593500,-1.920000,-0.454657,1.295012,1.570700,3.141500
0.608000,-1.593500,-1.920000,-0.454657,1.295012,1.570700,3.141500
0.610000,-1.593500,-1.920000,-0.454657,1.304437,1.570700,3.141500
0.610000,-1.593500,-1.920000,-0.454657,1.304437,1.570700,3.141500
0.612000,-1.593500,-1.920000,-0.445233,1.308664,1.570700,3.141500
0.612000,-1.593500,-1.920000,-0.445233,1.308664,1.570700,3.141500
0.614000,-1.593500,-1.920000,-0.445233,1.308664,1.570700,3.141500
0.614000,-1.593500,-1.920000,-0.445233,1.308664,1.570700,3.141500
0.616000,-1.593500,-1.920000,-0.445233,1.309286,1.570700,3.141500
0.616000,-1.593500,-1.920000,-0.445233,1.309286,1.570700,3.141500
0.618000,-1.593500,-1.920000,-0.445233,1.309286,1.570700,3.141500
0.618000,-1.593500,-1.920000,-0.445233,1.309286,1.570700,3.141500
0.620000,-1.593500,-1.920000,-0.440000,1.318711,1.570700,3.141500
0.620000,-1.593500,-1.920000,-0.440000,1.318711,1.570700,3.141500
0.622000,-1.593500,-1.920000,-0.440000,1.327174,1.570700,3.141500
0.622000,-1.593500,-1.920000,-0.440000,1.327174,1.570700,3.141500
0.624000,-1.593500,-1.920000,-0.440000,1.335490,1.570700,3.141500
0.624000,-1.593500,-1.920000,-0.440000,1.335490,1.570700,3.141500
0.626000,-1.593500,-1.920000,-0.440000,1.344635,1.570700,3.141500
0.626000,-1.593500,-1.920000,-0.440000,1.344635,1.570700,3.141500
0.628000,-1.593500,-1.920000,-0.440000,1.354060,1.570700,3.141500
0.628000,-1.593500,-1.920000,-0.440000,1.354060,1.570700,3.141500
0.630000,-1.593500,-1.920000,-0.440000,1.359301,1.570700,3.141500
0.630000,-1.593500,-1.920000,-0.440000,1.359301,1.570700,3.141500
0.632000,-1.593500,-1.920000,-0.440000,1.367360,1.570700,3.141500
0.632000,-1.593500,-1.920000,-0.440000,1.367360,1.570700,3.141500
0.634000,-1.593500,-1.920000,-0.440000,1.376617,1.570700,3.141500
0.634000,-1.593500,-1.920000,-0.440000,1.376617,1.570700,3.141500
0.636000,-1.593500,-1.920000,-0.440000,1.376617,1.570700,3.141500
0.636000,-1.593500,-1.920000,-0.440000,1.376617,1.570700,3.141500
0.638000,-1.593500,-1.920000,-0.440000,1.386042,1.570700,3.141500
0.638000,-1.593500,-1.920000,-0.440000,1.386042,1.570700,3.141500
0.640000,-1.593500,-1.920000,-0.440000,1.386767,1.570700,3.141500
0.640000,-1.593500,-1.920000,-0.440000,1.386767,1.570700,3.141500
0.642000,-1.593500,-1.920000,-0.440000,1.394385,1.570700,3.141500
0.642000,-1.593500,-1.920000,-0.440000,1.394385,1.570700,3.141500
0.644000,-1.593500,-1.920000,-0.440000,1.400534,1.570700,3.141500
0.644000,-1.593500,-1.920000,-0.440000,1.400534,1.570700,3.141500
0.646000,-1.593500,-1.920000,-0.440000,1.406968,1.570700,3.141500
0.646000,-1.593500,-1.920000,-0.440000,1.406968,1.570700,3.141500
0.648000,-1.593500,-1.920000,-0.440000,1.406968,1.570700,3.141500
0.648000,-1.593500,-1.920000,-0.440000,1.406968,1.570700,3.141500
0.650000,-1.593500,-1.920000,-0.440000,1.409616,1.570700,3.141500
0.650000,-1.593500,-1.920000,-0.440000,1.409616,1.570700,3.141500
0.652000,-1.593500,-1.920000,-0.440000,1.419040,1.570700,3.141500
0.652000,-1.593500,-1.920000,-0.440000,1.419040,1.570700,3.141500
0.654000,-1.593500,-1.920000,-0.440000,1.419479,1.570700,3.141500
0.654000,-1.593500,-1.920000,-0.440000,1.419479,1.570700,3.141500
0.656000,-1.593500,-1.920000,-0.440000,1.419479,1.570700,3.141500
0.656000,-1.593500,-1.920000,-0.440000,1.419479,1.570700,3.141500
0.658000,-1.593500,-1.920000,-0.440000,1.419479,1.570700,3.141500
0.658000,-1.593500,-1.920000,-0.440000,1.419479,1.570700,3.141500
0.660000,-1.593500,-1.920000,-0.440000,1.422738,1.570700,3.141500
0.660000,-1.593500,-1.920000,-0.440000,1.422738,1.570700,3.141500
0.662000,-1.593500,-1.920000,-0.440000,1.430549,1.570700,3.141500
0.662000,-1.593500,-1.920000,-0.440000,1.430549,1.570700,3.141500
0.664000,-1.593500,-1.920000,-0.440000,1.439973,1.570700,3.141500
0.664000,-1.593500,-1.920000,-0.440000,1.439973,1.570700,3.141500
0.666000,-1.593500,-1.920000,-0.440000,1.449398,1.570700,3.141500
0.666000,-1.593500,-1.920000,-0.440000,1.449398,1.570700,3.141500
0.668000,-1.593500,-1.920000,-0.440000,1.454563,1.570700,3.141500
0.668000,-1.593500,-1.920000,-0.440000,1.454563,1.570700,3.141500
0.670000,-1.593500,-1.920000,-0.440000,1.462543,1.570700,3.141500
0.670000,-1.593500,-1.920000,-0.440000,1.462543,1.570700,3.141500
0.672000,-1.593500,-1.920000,-0.440000,1.471968,1.570700,3.141500
0.672000,-1.593500,-1.920000,-0.440000,1.471968,1.570700,3.141500
0.674000,-1.593500,-1.920000,-0.440000,1.481393,1.570700,3.141500
0.674000,-1.593500,-1.920000,-0.440000,1.481393,1.570700,3.141500
0.676000,-1.593500,-1.920000,-0.440000,1.481393,1.570700,3.141500
0.676000,-1.593500,-1.920000,-0.440000,1.481393,1.570700,3.141500
0.678000,-1.593500,-1.920000,-0.440000,1.481393,1.570700,3.141500
0.678000,-1.593500,-1.920000,-0.440000,1.481393,1.570700,3.141500
0.680000,-1.593500,-1.920000,-0.440000,1.483651,1.570700,3.141500
0.680000,-1.593500,-1.920000,-0.440000,1.483651,1.570700,3.141500
0.682000,-1.593500,-1.920000,-0.440000,1.493075,1.570700,3.141500
0.682000,-1.593500,-1.920000,-0.440000,1.493075,1.570700,3.141500
0.684000,-1.593500,-1.920000,-0.440000,1.502500,1.570700,3.141500
0.684000,-1.593500,-1.920000,-0.440000,1.502500,1.570700,3.141500
0.686000,-1.593500,-1.920000,-0.440000,1.507868,1.570700,3.141500
0.686000,-1.593500,-1.920000,-0.440000,1.507868,1.570700,3.141500
0.688000,-1.593500,-1.920000,-0.440000,1.509652,1.570700,3.141500
0.688000,-1.593500,-1.920000,-0.440000,1.509652,1.570700,3.141500
0.690000,-1.593500,-1.920000,-0.440000,1.515359,1.570700,3.141500
0.690000,-1.593500,-1.920000,-0.440000,1.515359,1.570700,3.141500
0.692000,-1.593500,-1.920000,-0.440000,1.521311,1.570700,3.141500
0.692000,-1.593500,-1.920000,-0.440000,1.521311,1.570700,3.141500
0.694000,-1.593500,-1.920000,-0.440000,1.521311,1.570700,3.141500
0.694000,-1.593500,-1.920000,-0.440000,1.521311,1.570700,3.141500
0.696000,-1.593500,-1.920000,-0.440000,1.524702,1.570700,3.141500
0.696000,-1.593500,-1.920000,-0.440000,1.524702,1.570700,3.141500
0.698000,-1.593500,-1.920000,-0.440000,1.531819,1.570700,3.141500
0.698000,-1.593500,-1.920000,-0.440000,1.531819,1.570700,3.141500
0.700000,-1.593500,-1.920000,-0.440000,1.533309,1.570700,3.141500
0.700000,-1.593500,-1.920000,-0.440000,1.533309,1.570700,3.141500
0.702000,-1.593500,-1.920000,-0.440000,1.541274,1.570700,3.141500
0.702000,-1.593500,-1.920000,-0.440000,1.541274,1.570700,3.141500
0.704000,-1.593500,-1.920000,-0.440000,1.541274,1.570700,3.141500
0.704000,-1.593500,-1.920000,-0.440000,1.541274,1.570700,3.141500
0.706000,-1.593500,-1.920000,-0.440000,1.550699,1.570700,3.141500
0.706000,-1.593500,-1.920000,-0.440000,1.550699,1.570700,3.141500
0.708000,-1.593500,-1.920000,-0.440000,1.558766,1.570700,3.141500
0.708000,-1.593500,-1.920000,-0.440000,1.558766,1.570700,3.141500
0.710000,-1.593500,-1.920000,-0.440000,1.562481,1.570700,3.141500
0.710000,-1.593500,-1.920000,-0.440000,1.562481,1.570700,3.141500
0.712000,-1.593500,-1.920000,-0.440000,1.563292,1.570700,3.141500
0.712000,-1.593500,-1.920000,-0.440000,1.563292,1.570700,3.141500
0.714000,-1.593500,-1.920000,-0.440000,1.566130,1.570700,3.141500
0.714000,-1.593500,-1.920000,-0.440000,1.566130,1.570700,3.141500
0.716000,-1.593500,-1.920000,-0.440000,1.568054,1.570700,3.141500
0.716000,-1.593500,-1.920000,-0.440000,1.568054,1.570700,3.141500
0.718000,-1.593500,-1.920000,-0.440000,1.568054,1.570700,3.141500
0.718000,-1.593500,-1.920000,-0.440000,1.568054,1.570700,3.141500
0.720000,-1.593500,-1.920000,-0.440000,1.569147,1.570700,3.141500
0.720000,-1.593500,-1.920000,-0.440000,1.569147,1.570700,3.141500
